-- Auto-generated reading seed from user PDFs (2025-12-06, 2025-12-20, 2025-12-26).
START TRANSACTION;
SET FOREIGN_KEY_CHECKS = 0;
DELETE FROM reading_question_answer_rule WHERE question_id BETWEEN 251201001 AND 251201040;
DELETE FROM reading_question WHERE id BETWEEN 251201001 AND 251201040;
DELETE FROM reading_passage WHERE id BETWEEN 25120101 AND 25120103;
DELETE FROM reading_part_group WHERE id BETWEEN 2512101 AND 2512120;
DELETE FROM reading_test WHERE id = 251201;
INSERT INTO reading_test (id, title, total_score, created_time, updated_time, is_deleted, timer_mode, prep_seconds, total_seconds, auto_submit, allow_pause) VALUES (251201, '2025-12-06 IELTS Academic Reading', 40, NOW(), NOW(), 0, 'TEST_LEVEL', 0, 3600, 1, 0);
INSERT INTO reading_part_group (id, test_id, part_number, group_number, title, instruction_text, group_guide_text, group_requirement_text, question_type, answer_mode, options_json, accepted_answers_json, answer_rules_json, case_insensitive, ignore_whitespace, ignore_punctuation, question_no_start, question_no_end, display_order, time_limit_seconds, is_deleted) VALUES (2512101, 251201, 1, 1, 'Passage 1', 'Read Passage 1 and answer Questions 1-7.', NULL, NULL, 'TRUE_FALSE_NOT_GIVEN', 'SINGLE', NULL, NULL, NULL, 1, 1, 1, 1, 7, 1, NULL, 0);
INSERT INTO reading_part_group (id, test_id, part_number, group_number, title, instruction_text, group_guide_text, group_requirement_text, question_type, answer_mode, options_json, accepted_answers_json, answer_rules_json, case_insensitive, ignore_whitespace, ignore_punctuation, question_no_start, question_no_end, display_order, time_limit_seconds, is_deleted) VALUES (2512102, 251201, 1, 2, 'Passage 1', 'Read Passage 1 and answer Questions 8-13.', NULL, NULL, 'NOTE_COMPLETION', 'TEXT', NULL, NULL, NULL, 1, 1, 1, 8, 13, 2, NULL, 0);
INSERT INTO reading_part_group (id, test_id, part_number, group_number, title, instruction_text, group_guide_text, group_requirement_text, question_type, answer_mode, options_json, accepted_answers_json, answer_rules_json, case_insensitive, ignore_whitespace, ignore_punctuation, question_no_start, question_no_end, display_order, time_limit_seconds, is_deleted) VALUES (2512103, 251201, 2, 1, 'Passage 2', 'Read Passage 2 and answer Questions 14-18.', NULL, NULL, 'MATCHING', 'SINGLE', NULL, NULL, NULL, 1, 1, 1, 14, 18, 4, NULL, 0);
INSERT INTO reading_part_group (id, test_id, part_number, group_number, title, instruction_text, group_guide_text, group_requirement_text, question_type, answer_mode, options_json, accepted_answers_json, answer_rules_json, case_insensitive, ignore_whitespace, ignore_punctuation, question_no_start, question_no_end, display_order, time_limit_seconds, is_deleted) VALUES (2512104, 251201, 2, 2, 'Passage 2', 'Read Passage 2 and answer Questions 19-22.', NULL, NULL, 'MULTIPLE_CHOICE_SINGLE', 'SINGLE', NULL, NULL, NULL, 1, 1, 1, 19, 22, 5, NULL, 0);
INSERT INTO reading_part_group (id, test_id, part_number, group_number, title, instruction_text, group_guide_text, group_requirement_text, question_type, answer_mode, options_json, accepted_answers_json, answer_rules_json, case_insensitive, ignore_whitespace, ignore_punctuation, question_no_start, question_no_end, display_order, time_limit_seconds, is_deleted) VALUES (2512105, 251201, 2, 3, 'Passage 2', 'Read Passage 2 and answer Questions 23-26.', NULL, NULL, 'SUMMARY_COMPLETION', 'TEXT', NULL, NULL, NULL, 1, 1, 1, 23, 26, 6, NULL, 0);
INSERT INTO reading_part_group (id, test_id, part_number, group_number, title, instruction_text, group_guide_text, group_requirement_text, question_type, answer_mode, options_json, accepted_answers_json, answer_rules_json, case_insensitive, ignore_whitespace, ignore_punctuation, question_no_start, question_no_end, display_order, time_limit_seconds, is_deleted) VALUES (2512106, 251201, 3, 1, 'Passage 3', 'Read Passage 3 and answer Questions 27-30.', NULL, NULL, 'YES_NO_NOT_GIVEN', 'SINGLE', NULL, NULL, NULL, 1, 1, 1, 27, 30, 7, NULL, 0);
INSERT INTO reading_part_group (id, test_id, part_number, group_number, title, instruction_text, group_guide_text, group_requirement_text, question_type, answer_mode, options_json, accepted_answers_json, answer_rules_json, case_insensitive, ignore_whitespace, ignore_punctuation, question_no_start, question_no_end, display_order, time_limit_seconds, is_deleted) VALUES (2512107, 251201, 3, 2, 'Passage 3', 'Read Passage 3 and answer Questions 31-35.', NULL, NULL, 'MULTIPLE_CHOICE_SINGLE', 'SINGLE', NULL, NULL, NULL, 1, 1, 1, 31, 35, 8, NULL, 0);
INSERT INTO reading_part_group (id, test_id, part_number, group_number, title, instruction_text, group_guide_text, group_requirement_text, question_type, answer_mode, options_json, accepted_answers_json, answer_rules_json, case_insensitive, ignore_whitespace, ignore_punctuation, question_no_start, question_no_end, display_order, time_limit_seconds, is_deleted) VALUES (2512108, 251201, 3, 3, 'Passage 3', 'Read Passage 3 and answer Questions 36-40.', NULL, NULL, 'MATCHING', 'SINGLE', NULL, NULL, NULL, 1, 1, 1, 36, 40, 9, NULL, 0);
INSERT INTO reading_passage (id, test_id, part_group_id, passage_no, title, content, material_type, display_order, is_deleted) VALUES (25120101, 251201, NULL, 1, 'Passage 1', 'You should spend about 20 minutes on', 'PASSAGE', 1, 0);
INSERT INTO reading_passage (id, test_id, part_group_id, passage_no, title, content, material_type, display_order, is_deleted) VALUES (25120102, 251201, NULL, 2, 'Passage 2', 'You should spend about 20 minutes on', 'PASSAGE', 2, 0);
INSERT INTO reading_passage (id, test_id, part_group_id, passage_no, title, content, material_type, display_order, is_deleted) VALUES (25120103, 251201, NULL, 3, 'Passage 3', 'You should spend about 20 minutes on', 'PASSAGE', 3, 0);
INSERT INTO reading_question (id, passage_id, part_group_id, question_number, question_type, answer_mode, question_text, correct_answer, options_json, accepted_answers_json, group_label, case_insensitive, ignore_whitespace, ignore_punctuation, display_order, score, is_deleted) VALUES (251201001, 25120101, 2512101, 1, 'MIXED', 'SINGLE', '________ Many of the RFDS doctors work as volunteers.', 'NOT GIVEN', '["A","B","C","D","E","F","G","H","I","J","TRUE","FALSE","NOT GIVEN","YES","NO","i","ii","iii","iv","v","vi","vii","viii","ix"]', '["NOT GIVEN"]', 'Imported 2025_12_06', 1, 1, 1, 1, 1, 0);
INSERT INTO reading_question (id, passage_id, part_group_id, question_number, question_type, answer_mode, question_text, correct_answer, options_json, accepted_answers_json, group_label, case_insensitive, ignore_whitespace, ignore_punctuation, display_order, score, is_deleted) VALUES (251201002, 25120101, 2512101, 2, 'MIXED', 'SINGLE', '________ RFDS dentists make trips to outback communities each month.', 'FALSE', '["A","B","C","D","E","F","G","H","I","J","TRUE","FALSE","NOT GIVEN","YES","NO","i","ii","iii","iv","v","vi","vii","viii","ix"]', '["FALSE"]', 'Imported 2025_12_06', 1, 1, 1, 2, 1, 0);
INSERT INTO reading_question (id, passage_id, part_group_id, question_number, question_type, answer_mode, question_text, correct_answer, options_json, accepted_answers_json, group_label, case_insensitive, ignore_whitespace, ignore_punctuation, display_order, score, is_deleted) VALUES (251201003, 25120101, 2512101, 3, 'MIXED', 'SINGLE', '________ RFDS dentists are accompanied on their journeys to remote areas by a dental nurse.', 'TRUE', '["A","B","C","D","E","F","G","H","I","J","TRUE","FALSE","NOT GIVEN","YES","NO","i","ii","iii","iv","v","vi","vii","viii","ix"]', '["TRUE"]', 'Imported 2025_12_06', 1, 1, 1, 3, 1, 0);
INSERT INTO reading_question (id, passage_id, part_group_id, question_number, question_type, answer_mode, question_text, correct_answer, options_json, accepted_answers_json, group_label, case_insensitive, ignore_whitespace, ignore_punctuation, display_order, score, is_deleted) VALUES (251201004, 25120101, 2512101, 4, 'MIXED', 'SINGLE', '________ RFDS dentists must provide a wide range of dental services.', 'TRUE', '["A","B","C","D","E","F","G","H","I","J","TRUE","FALSE","NOT GIVEN","YES","NO","i","ii","iii","iv","v","vi","vii","viii","ix"]', '["TRUE"]', 'Imported 2025_12_06', 1, 1, 1, 4, 1, 0);
INSERT INTO reading_question (id, passage_id, part_group_id, question_number, question_type, answer_mode, question_text, correct_answer, options_json, accepted_answers_json, group_label, case_insensitive, ignore_whitespace, ignore_punctuation, display_order, score, is_deleted) VALUES (251201005, 25120101, 2512101, 5, 'MIXED', 'SINGLE', '________ Rural dental patients are more informed about oral hygiene than urban patients.', 'FALSE', '["A","B","C","D","E","F","G","H","I","J","TRUE","FALSE","NOT GIVEN","YES","NO","i","ii","iii","iv","v","vi","vii","viii","ix"]', '["FALSE"]', 'Imported 2025_12_06', 1, 1, 1, 5, 1, 0);
INSERT INTO reading_question (id, passage_id, part_group_id, question_number, question_type, answer_mode, question_text, correct_answer, options_json, accepted_answers_json, group_label, case_insensitive, ignore_whitespace, ignore_punctuation, display_order, score, is_deleted) VALUES (251201006, 25120101, 2512101, 6, 'MIXED', 'SINGLE', '________ RFDS dentists educate patients about good eating habits.', 'NOT GIVEN', '["A","B","C","D","E","F","G","H","I","J","TRUE","FALSE","NOT GIVEN","YES","NO","i","ii","iii","iv","v","vi","vii","viii","ix"]', '["NOT GIVEN"]', 'Imported 2025_12_06', 1, 1, 1, 6, 1, 0);
INSERT INTO reading_question (id, passage_id, part_group_id, question_number, question_type, answer_mode, question_text, correct_answer, options_json, accepted_answers_json, group_label, case_insensitive, ignore_whitespace, ignore_punctuation, display_order, score, is_deleted) VALUES (251201007, 25120101, 2512101, 7, 'MIXED', 'SINGLE', '________ Urban Australians generally have better teeth because their water is treated. READING PASSAGE 2 You should spend about 20 minutes on Questions 14-26, which are based on Reading Passage 2 below. Challenges faced by RFDS dentists Products supplied by RFDS dentists if necessary RFDS provides: need to bring equipment including 8 __________ for records aircraft used to carry equipment have restricted 9 __________ problems offering some services, e.g., fitting 10 __________ people in remote areas are more likely to have infection in their mouth 11 __________ and 12 __________ for regular use 13 __________ to protect teeth of sports players The history of the Celtic language In November 1897, in a field near the village of Coligny in eastern France, a local inhabitant unearthed two strange objects. One was an imposing statue of Mars, the Roman god of war. The other was an ancient bronze tablet, 1.5 metres wide and 1 metre high. It bore numerals in Roman but the words were in Gaulish, a version of the Celtic language spoken by the inhabitants of France before the Roman conquest in the first century BC. The tablet turned out to be one of the most important sources of words from this extinct language. Two researchers, geneticist Dr Peter Forster and linguist Dr Alfred Toth, have now used the calendar and other Celtic inscriptions to reconstruct the history of Celtic and its position in the Indo-European family of languages. They say that Celtic became a language in its own right and entered the British Isles much earlier than supposed. Then in the first century BC, the Romans defeated the Celts, both in A. B. France and in Britain, so decisively that their language, Latin, and its successor languages displaced Celtic over much of its former territory. In the British Isles, Celtic speakers survived in two main groups: the Goidelic branch of Celtic, which includes Irish and Scots Gaelic, and the Brythonic branch, formed mainly of Welsh and Breton, a Celtic tongue carried to Brittany in France by emigrants from Cornwall. Because languages change so fast, historical linguists have little faith in language trees that go back more than a few thousand years. Dr Forster has developed a new method for relating a group of languages, basing it on the tree-drawing techniques used to trace the evolutionary relationships among genes. The method will work on just a handful of words, a fortunate circumstance since only some 30 Gaulish words have known counterparts in all the other languages under study. Dr Forster and Dr Toth have used the method to draw up a tree relating the different branches of Celtic to one another and to other Indo-European languages like English, French, Spanish, Latin and Greek. In a published article, they say that soon after the ancestral Indo-European language arrived in Europe over 5,000 years ago, it split into different branches leading to Celtic, Latin, Greek and English. Within Celtic, their tree shows that Gaulish-the mainland European version of the language separated from its Goidelic and Brythonic cousins, much as might be expected from the facts of geography. The researchers'' method even dates the points at which their language tree divides, although the dates have a wide range of possibility. They calculate that the Indo-European language initially fragmented in Europe around 8100 BC, plus or minus 1,900 years, and the divergence between the mainland European and British versions of Gaelic took place in 3200 BC, plus or minus 1,500 years. These dates are much earlier than previously estimated. The traditional date of the Indo-European fragmentation has been 4000 BC for some time, said linguist Dr Merritt Ruhlen. He said the new method seems ''pretty reasonable'' and should be useful in tracing back the earlier history of the Indo-European language. Specialists have long debated which country was the homeland of the Indo-Europeans and whether their language was spread by conquest or because its speakers were the first agriculturists whose methods and tongue were adopted by other populations. The second theory, that it was spread by agriculture, has been advocated by archaeologist Dr Colin Refrew. Dr Forster, who works with Dr Renfrew, said in an interview that the Suggested date 8100 BC for the arrival of Indo-European in Europe does seem to vindicate Refrew''s archaeological idea that the Indo-European languages were spread by farmers. Agriculture started to arrive in Europe from the Near East around 6000 BC, which earlier than the traditional date proposed by linguists for the spread of Indo-European. This writing would fit with the lower end of Dr Forster''s range of dates. C. D. E. Reading Passage 2 has seven paragraphs, A-G Which paragraph contains the following information? Dr Forster said that his estimated date of 3200 BC for the arrival of Celtic speakers in the British Isles is also much earlier than the usual date, 600 BC, posited on the basis of archaeological evidence. Dr Forster and Dr Toth said their method of evaluating groups of languages against each other was similar to historical linguists, many of whom restrict their research to how words in only one single language have changed over time. Asked what linguists thought of his approach he said: ''To be honest, they don''t understand it, most of them. They don''t even know what I''m talking about.'' The method used by Dr Forster and Dr Toth has two parts. One is to draw a tree on the basis of carefully chosen words; the second is to date the splits in the tree by calibrating them with known historical events. This is similar to the way geneticists date their evolutionary trees by tying one or more branch points to known dates from the fossil record. Dr April McMahon, a linguist at the University of Sheffield in England, said that Dr Forster''s method ''seems to me to be a good start, and that it was reasonable to base a language family tree on just a handful of well-chosen words. She had less confidence in the dating method, she said, because language changes in an irregular way based on social factors like the size of the speaker''s group and its degree of contact with others. F. G.', 'TRUE', '["A","B","C","D","E","F","G","H","I","J","TRUE","FALSE","NOT GIVEN","YES","NO","i","ii","iii","iv","v","vi","vii","viii","ix"]', '["TRUE"]', 'Imported 2025_12_06', 1, 1, 1, 7, 1, 0);
INSERT INTO reading_question (id, passage_id, part_group_id, question_number, question_type, answer_mode, question_text, correct_answer, options_json, accepted_answers_json, group_label, case_insensitive, ignore_whitespace, ignore_punctuation, display_order, score, is_deleted) VALUES (251201008, 25120101, 2512102, 8, 'MIXED', 'TEXT', 'Question 8', 'computers', NULL, '["computers"]', 'Imported 2025_12_06', 1, 1, 1, 8, 1, 0);
INSERT INTO reading_question (id, passage_id, part_group_id, question_number, question_type, answer_mode, question_text, correct_answer, options_json, accepted_answers_json, group_label, case_insensitive, ignore_whitespace, ignore_punctuation, display_order, score, is_deleted) VALUES (251201009, 25120101, 2512102, 9, 'MIXED', 'TEXT', 'Question 9', 'space', NULL, '["space"]', 'Imported 2025_12_06', 1, 1, 1, 9, 1, 0);
INSERT INTO reading_question (id, passage_id, part_group_id, question_number, question_type, answer_mode, question_text, correct_answer, options_json, accepted_answers_json, group_label, case_insensitive, ignore_whitespace, ignore_punctuation, display_order, score, is_deleted) VALUES (251201010, 25120101, 2512102, 10, 'MIXED', 'TEXT', 'Question 10', 'dentures', NULL, '["dentures"]', 'Imported 2025_12_06', 1, 1, 1, 10, 1, 0);
INSERT INTO reading_question (id, passage_id, part_group_id, question_number, question_type, answer_mode, question_text, correct_answer, options_json, accepted_answers_json, group_label, case_insensitive, ignore_whitespace, ignore_punctuation, display_order, score, is_deleted) VALUES (251201011, 25120101, 2512102, 11, 'MIXED', 'TEXT', 'Question 11', 'toothpaste', NULL, '["toothpaste"]', 'Imported 2025_12_06', 1, 1, 1, 11, 1, 0);
INSERT INTO reading_question (id, passage_id, part_group_id, question_number, question_type, answer_mode, question_text, correct_answer, options_json, accepted_answers_json, group_label, case_insensitive, ignore_whitespace, ignore_punctuation, display_order, score, is_deleted) VALUES (251201012, 25120101, 2512102, 12, 'MIXED', 'TEXT', 'Question 12', 'toothbrush', NULL, '["toothbrush"]', 'Imported 2025_12_06', 1, 1, 1, 12, 1, 0);
INSERT INTO reading_question (id, passage_id, part_group_id, question_number, question_type, answer_mode, question_text, correct_answer, options_json, accepted_answers_json, group_label, case_insensitive, ignore_whitespace, ignore_punctuation, display_order, score, is_deleted) VALUES (251201013, 25120101, 2512102, 13, 'MIXED', 'TEXT', 'Question 13', 'mouthguards', NULL, '["mouthguards"]', 'Imported 2025_12_06', 1, 1, 1, 13, 1, 0);
INSERT INTO reading_question (id, passage_id, part_group_id, question_number, question_type, answer_mode, question_text, correct_answer, options_json, accepted_answers_json, group_label, case_insensitive, ignore_whitespace, ignore_punctuation, display_order, score, is_deleted) VALUES (251201014, 25120102, 2512103, 14, 'MIXED', 'SINGLE', '__________ a difference of opinion about where a group of languages originated', 'E', '["A","B","C","D","E","F","G","H","I","J","TRUE","FALSE","NOT GIVEN","YES","NO","i","ii","iii","iv","v","vi","vii","viii","ix"]', '["E"]', 'Imported 2025_12_06', 1, 1, 1, 14, 1, 0);
INSERT INTO reading_question (id, passage_id, part_group_id, question_number, question_type, answer_mode, question_text, correct_answer, options_json, accepted_answers_json, group_label, case_insensitive, ignore_whitespace, ignore_punctuation, display_order, score, is_deleted) VALUES (251201015, 25120102, 2512103, 15, 'MIXED', 'SINGLE', '__________ a reference to a mythological figure', 'A', '["A","B","C","D","E","F","G","H","I","J","TRUE","FALSE","NOT GIVEN","YES","NO","i","ii","iii","iv","v","vi","vii","viii","ix"]', '["A"]', 'Imported 2025_12_06', 1, 1, 1, 15, 1, 0);
INSERT INTO reading_question (id, passage_id, part_group_id, question_number, question_type, answer_mode, question_text, correct_answer, options_json, accepted_answers_json, group_label, case_insensitive, ignore_whitespace, ignore_punctuation, display_order, score, is_deleted) VALUES (251201016, 25120102, 2512103, 16, 'MIXED', 'SINGLE', '__________ an expression of one person''s doubt about a particular method of analysing scientific data', 'G', '["A","B","C","D","E","F","G","H","I","J","TRUE","FALSE","NOT GIVEN","YES","NO","i","ii","iii","iv","v","vi","vii","viii","ix"]', '["G"]', 'Imported 2025_12_06', 1, 1, 1, 16, 1, 0);
INSERT INTO reading_question (id, passage_id, part_group_id, question_number, question_type, answer_mode, question_text, correct_answer, options_json, accepted_answers_json, group_label, case_insensitive, ignore_whitespace, ignore_punctuation, display_order, score, is_deleted) VALUES (251201017, 25120102, 2512103, 17, 'MIXED', 'SINGLE', '__________ an explanation of how one particular Celtic language spread due to the movement of people', 'B', '["A","B","C","D","E","F","G","H","I","J","TRUE","FALSE","NOT GIVEN","YES","NO","i","ii","iii","iv","v","vi","vii","viii","ix"]', '["B"]', 'Imported 2025_12_06', 1, 1, 1, 17, 1, 0);
INSERT INTO reading_question (id, passage_id, part_group_id, question_number, question_type, answer_mode, question_text, correct_answer, options_json, accepted_answers_json, group_label, case_insensitive, ignore_whitespace, ignore_punctuation, display_order, score, is_deleted) VALUES (251201018, 25120102, 2512103, 18, 'MIXED', 'SINGLE', '__________ the reason why some language experts distrust language trees Look at the following statements (Questions 19-22) and the list of people below. Match each statement with the correct researcher or researchers, A, B, CorD. NB You may use any letter more than once. Complete the sentence below. Choose ONE WORD ONLY from the passage for each answer. A  Dr Peter Forster & Dr Alfred Toth B  Dr Merritt Ruhlen C  Dr Colin Renfrew D  Dr April McMahon List of Researchers', 'C', '["A","B","C","D","E","F","G","H","I","J","TRUE","FALSE","NOT GIVEN","YES","NO","i","ii","iii","iv","v","vi","vii","viii","ix"]', '["C"]', 'Imported 2025_12_06', 1, 1, 1, 18, 1, 0);
INSERT INTO reading_question (id, passage_id, part_group_id, question_number, question_type, answer_mode, question_text, correct_answer, options_json, accepted_answers_json, group_label, case_insensitive, ignore_whitespace, ignore_punctuation, display_order, score, is_deleted) VALUES (251201019, 25120102, 2512104, 19, 'MIXED', 'SINGLE', '______  An approach commonly used in language research has to narrow a focus.', 'A', '["A","B","C","D","E","F","G","H","I","J","TRUE","FALSE","NOT GIVEN","YES","NO","i","ii","iii","iv","v","vi","vii","viii","ix"]', '["A"]', 'Imported 2025_12_06', 1, 1, 1, 19, 1, 0);
INSERT INTO reading_question (id, passage_id, part_group_id, question_number, question_type, answer_mode, question_text, correct_answer, options_json, accepted_answers_json, group_label, case_insensitive, ignore_whitespace, ignore_punctuation, display_order, score, is_deleted) VALUES (251201020, 25120102, 2512104, 20, 'MIXED', 'SINGLE', '______  The number of people who use a language has an effect on the modifications the language undergoes.', 'D', '["A","B","C","D","E","F","G","H","I","J","TRUE","FALSE","NOT GIVEN","YES","NO","i","ii","iii","iv","v","vi","vii","viii","ix"]', '["D"]', 'Imported 2025_12_06', 1, 1, 1, 20, 1, 0);
INSERT INTO reading_question (id, passage_id, part_group_id, question_number, question_type, answer_mode, question_text, correct_answer, options_json, accepted_answers_json, group_label, case_insensitive, ignore_whitespace, ignore_punctuation, display_order, score, is_deleted) VALUES (251201021, 25120102, 2512104, 21, 'MIXED', 'SINGLE', '______  The Celtic language has been a distinct language for longer than experts previously much earlier than supposed thought.', 'D', '["A","B","C","D","E","F","G","H","I","J","TRUE","FALSE","NOT GIVEN","YES","NO","i","ii","iii","iv","v","vi","vii","viii","ix"]', '["D"]', 'Imported 2025_12_06', 1, 1, 1, 21, 1, 0);
INSERT INTO reading_question (id, passage_id, part_group_id, question_number, question_type, answer_mode, question_text, correct_answer, options_json, accepted_answers_json, group_label, case_insensitive, ignore_whitespace, ignore_punctuation, display_order, score, is_deleted) VALUES (251201022, 25120102, 2512104, 22, 'MIXED', 'SINGLE', '______  The use of one family of languages may have become more extensive due to farming practices.', 'C', '["A","B","C","D","E","F","G","H","I","J","TRUE","FALSE","NOT GIVEN","YES","NO","i","ii","iii","iv","v","vi","vii","viii","ix"]', '["C"]', 'Imported 2025_12_06', 1, 1, 1, 22, 1, 0);
INSERT INTO reading_question (id, passage_id, part_group_id, question_number, question_type, answer_mode, question_text, correct_answer, options_json, accepted_answers_json, group_label, case_insensitive, ignore_whitespace, ignore_punctuation, display_order, score, is_deleted) VALUES (251201023, 25120102, 2512105, 23, 'MIXED', 'TEXT', 'The script on the bronze tablet discovered in Coligny in France was written in a form of Celtic called  _________ READING PASSAGE 3 You should spend about 20 minutes on Questions 27-40, which are based on Reading Passage 3 below. Innovation in Business', 'Gaulish', NULL, '["Gaulish"]', 'Imported 2025_12_06', 1, 1, 1, 23, 1, 0);
INSERT INTO reading_question (id, passage_id, part_group_id, question_number, question_type, answer_mode, question_text, correct_answer, options_json, accepted_answers_json, group_label, case_insensitive, ignore_whitespace, ignore_punctuation, display_order, score, is_deleted) VALUES (251201024, 25120102, 2512105, 24, 'MIXED', 'TEXT', 'After the success of the Roman Empire in conquering many parts of Europe, _________  and its related languages became the predominant languages.', 'Latin', NULL, '["Latin"]', 'Imported 2025_12_06', 1, 1, 1, 24, 1, 0);
INSERT INTO reading_question (id, passage_id, part_group_id, question_number, question_type, answer_mode, question_text, correct_answer, options_json, accepted_answers_json, group_label, case_insensitive, ignore_whitespace, ignore_punctuation, display_order, score, is_deleted) VALUES (251201025, 25120102, 2512105, 25, 'MIXED', 'TEXT', '_________  among the various versions of the Gaelic language around 3200 BC. 26 .For social reasons, developments in languages are   _________ Innovation describes the way that we develop new ideas, products, and approaches, and it is on of the most vital human endeavors. Over the history of humanity, innovation has made life better in so many different ways. It is part of human nature to recognize the benefits of innovation; however, the majority of us have little comprehension of the processes that actually lead t innovation occurring. This is a frequent topic for discussion in journals and university lecture theatres. However, in company boardrooms across New Zealand, the term is heard far too frequently, and more caution should be applied. Certainly, a recent international survey showed that the idea of innovation is so broad as to appear almost meaningless, with different sectors of the business world --different divisions inside the same business-- often defining innovation in their own way. While there is an obvious attraction to the new, innovation is not always about large-scale research and development projects or revolutionary business models; it can be on a small, highly localized scale and involve a step-by-step approach. The famous case study of the drinks company Lucozade shows it can be as simple as adding a screw top to a bottle. This carefully managed change in packaging shifted the public perception of the product from a medicine to a sports drink, and Lucozade profited handsomely, clearly showing their approach was successful. So what steps can businesses take to keep ahead in the innovation game? There seems to be a widespread belief that the world''s best ideas are sudden and intuitive. Thomas Edison supposedly invented the light bulb with a sudden moment of clarity, but in fact, the book Edison: His Life and Inventions shows that Edison''s own inspiration usually resulted from laborious experimentation, rather than a moment of genius. Thus, business managers are at risk of overestimating the pace of development while underestimating the amount of perseverance needed. This is why we must reject the false assumption that innovation is just a moment of brilliance waiting to strike. No exploration of innovation is complete without mention of Steve Jobs, the late chief executive officer (CEO) of Apple. No one encapsulated the creative essence of Silicon Valley, the home of many global tech companies, better than Jobs, but he has also been accused of arrogance. Jobs'' managerial approach often imitated his co-workers but, in part, it was the fuel for his visionary innovations. He felt it his duty to make society a better place, but his egotistical behavior could have undesirable consequences, too. Jobs'' former employees have suggested this type of demanding behavior affects sickness rates and group morale, which in turn may squash creativity and innovation. In his 2011 TED (Technology, Entertainment, Design) Talk, economist Tim Harford made this statement: "Show me a successful complex system, and I will show you a system that has evolved through trial and error." It sounds like common sense, and some commentators have claimed Harford''s TED Talk was not persuasive because it was stating the obvious. But he responds that a trial-and-error approach is not all that obvious, because society expects all problems to have a quick and simple solution. Harford is right to point out that both consumers and investors expect consistent and clear breakthroughs. But the value of step-by-step innovation is often underrated, and failure may, in fact, be crucial to eventual success. Former chief solutions officer at Yahoo, Tim Sanders, believes that innovation is only "little ideas that combine with other little ideas that improve themselves into game-changing ideas." This snowballing effect has similarities to the phenomenon that author and broadcaster Steven Johnson calls the "hummingbird effect" of innovation. This points out that progress in a specific area or discipline can end up triggering small but significant developments elsewhere entirely. A good case to cite in support of this universal truth would be Gutenberg''s printing press, which was revolutionary in itself for making books accessible to the masses. However, the Do the following statements agree with the claims of the writer in Reading Passage 3? In boxes 27-30 on your answer sheet, write press also affected an unrelated industry by causing a rise in demand for reading glasses. This highlights the wider idea of connectivity, which is an essential component of innovation. When Kode Biotech won a recent innovation award, CEO Steve Henry had this to say: "Most people think innovation is invention, but they don''t understand that innovation is the conversion of invention into something useful." This is particularly true when it comes to Kode''s highly specialized use of nanotechnology. Henry says that Kode cannot chase all the opportunities it has created. Instead, Kode''s approach is to collaborate with similar nanotechnology businesses, which take its innovations and develop them into commodities that can be sold in the marketplace. Innovation can be hectic and disorganized, but that is the way that radical new ideas sometimes come about. But, for established businesses, the disorderly nature of innovation can seem discouraging. Previously Unavailable, a specialist innovation consultancy, says that while 84% of businesses consider innovation critical to their future, only 6% are satisfied with their innovation efforts. Previously Unavailable uses a process called Black Box, which was developed following a study at Harvard Business School. Black Box was formed to overcome the barriers that prevent innovation in larger organizations. Using this unique system, Previously Unavailable will lease a team of innovation experts on a short-term basis to client organizations to assist with conceiving, developing, and launching new products and business innovations. It seems probable that this sort of innovation consultancy will become increasingly common, just as businesses already employ specialist consultants for legal, financial, or marketing services. YES NO NOT GIVEN f the statement agrees with the claims of the writer if the statement contradicts the claims of the writer if it is impossible to say what the writer thinks about this Choose the correct letter, A, B, CorD.', 'Divergence', NULL, '["Divergence"]', 'Imported 2025_12_06', 1, 1, 1, 25, 1, 0);
INSERT INTO reading_question (id, passage_id, part_group_id, question_number, question_type, answer_mode, question_text, correct_answer, options_json, accepted_answers_json, group_label, case_insensitive, ignore_whitespace, ignore_punctuation, display_order, score, is_deleted) VALUES (251201026, 25120102, 2512105, 26, 'MIXED', 'TEXT', 'Question 26', 'irregular', NULL, '["irregular"]', 'Imported 2025_12_06', 1, 1, 1, 26, 1, 0);
INSERT INTO reading_question (id, passage_id, part_group_id, question_number, question_type, answer_mode, question_text, correct_answer, options_json, accepted_answers_json, group_label, case_insensitive, ignore_whitespace, ignore_punctuation, display_order, score, is_deleted) VALUES (251201027, 25120103, 2512106, 27, 'MIXED', 'SINGLE', '________ Most people understand how innovation happens.', 'NO', '["A","B","C","D","E","F","G","H","I","J","TRUE","FALSE","NOT GIVEN","YES","NO","i","ii","iii","iv","v","vi","vii","viii","ix"]', '["NO"]', 'Imported 2025_12_06', 1, 1, 1, 27, 1, 0);
INSERT INTO reading_question (id, passage_id, part_group_id, question_number, question_type, answer_mode, question_text, correct_answer, options_json, accepted_answers_json, group_label, case_insensitive, ignore_whitespace, ignore_punctuation, display_order, score, is_deleted) VALUES (251201028, 25120103, 2512106, 28, 'MIXED', 'SINGLE', '________ The word "innovation" is overused in business in New Zealand.', 'YES', '["A","B","C","D","E","F","G","H","I","J","TRUE","FALSE","NOT GIVEN","YES","NO","i","ii","iii","iv","v","vi","vii","viii","ix"]', '["YES"]', 'Imported 2025_12_06', 1, 1, 1, 28, 1, 0);
INSERT INTO reading_question (id, passage_id, part_group_id, question_number, question_type, answer_mode, question_text, correct_answer, options_json, accepted_answers_json, group_label, case_insensitive, ignore_whitespace, ignore_punctuation, display_order, score, is_deleted) VALUES (251201029, 25120103, 2512106, 29, 'MIXED', 'SINGLE', '________ There are many interpretations of what innovation means in business, according to one global study.', 'YES', '["A","B","C","D","E","F","G","H","I","J","TRUE","FALSE","NOT GIVEN","YES","NO","i","ii","iii","iv","v","vi","vii","viii","ix"]', '["YES"]', 'Imported 2025_12_06', 1, 1, 1, 29, 1, 0);
INSERT INTO reading_question (id, passage_id, part_group_id, question_number, question_type, answer_mode, question_text, correct_answer, options_json, accepted_answers_json, group_label, case_insensitive, ignore_whitespace, ignore_punctuation, display_order, score, is_deleted) VALUES (251201030, 25120103, 2512106, 30, 'MIXED', 'SINGLE', '________ Research and development projects have a higher priority today than in the past.', 'NOT GIVEN', '["A","B","C","D","E","F","G","H","I","J","TRUE","FALSE","NOT GIVEN","YES","NO","i","ii","iii","iv","v","vi","vii","viii","ix"]', '["NOT GIVEN"]', 'Imported 2025_12_06', 1, 1, 1, 30, 1, 0);
INSERT INTO reading_question (id, passage_id, part_group_id, question_number, question_type, answer_mode, question_text, correct_answer, options_json, accepted_answers_json, group_label, case_insensitive, ignore_whitespace, ignore_punctuation, display_order, score, is_deleted) VALUES (251201031, 25120103, 2512107, 31, 'MIXED', 'SINGLE', 'What is the writer doing in the third paragraph?', 'C', '["A","B","C","D","E","F","G","H","I","J","TRUE","FALSE","NOT GIVEN","YES","NO","i","ii","iii","iv","v","vi","vii","viii","ix"]', '["C"]', 'Imported 2025_12_06', 1, 1, 1, 31, 1, 0);
INSERT INTO reading_question (id, passage_id, part_group_id, question_number, question_type, answer_mode, question_text, correct_answer, options_json, accepted_answers_json, group_label, case_insensitive, ignore_whitespace, ignore_punctuation, display_order, score, is_deleted) VALUES (251201032, 25120103, 2512107, 32, 'MIXED', 'SINGLE', 'What is the writer''s main point in the fourth paragraph?', 'B', '["A","B","C","D","E","F","G","H","I","J","TRUE","FALSE","NOT GIVEN","YES","NO","i","ii","iii","iv","v","vi","vii","viii","ix"]', '["B"]', 'Imported 2025_12_06', 1, 1, 1, 32, 1, 0);
INSERT INTO reading_question (id, passage_id, part_group_id, question_number, question_type, answer_mode, question_text, correct_answer, options_json, accepted_answers_json, group_label, case_insensitive, ignore_whitespace, ignore_punctuation, display_order, score, is_deleted) VALUES (251201033, 25120103, 2512107, 33, 'MIXED', 'SINGLE', 'The writer refers to Gutenberg''s printing press in order to: D Give an example of a general rule about innovation. Complete each sentence with the correct ending, A-G, below.', 'D', '["A","B","C","D","E","F","G","H","I","J","TRUE","FALSE","NOT GIVEN","YES","NO","i","ii","iii","iv","v","vi","vii","viii","ix"]', '["D"]', 'Imported 2025_12_06', 1, 1, 1, 33, 1, 0);
INSERT INTO reading_question (id, passage_id, part_group_id, question_number, question_type, answer_mode, question_text, correct_answer, options_json, accepted_answers_json, group_label, case_insensitive, ignore_whitespace, ignore_punctuation, display_order, score, is_deleted) VALUES (251201034, 25120103, 2512107, 34, 'MIXED', 'SINGLE', 'What is the writer''s main point in the seventh paragraph?', 'A', '["A","B","C","D","E","F","G","H","I","J","TRUE","FALSE","NOT GIVEN","YES","NO","i","ii","iii","iv","v","vi","vii","viii","ix"]', '["A"]', 'Imported 2025_12_06', 1, 1, 1, 34, 1, 0);
INSERT INTO reading_question (id, passage_id, part_group_id, question_number, question_type, answer_mode, question_text, correct_answer, options_json, accepted_answers_json, group_label, case_insensitive, ignore_whitespace, ignore_punctuation, display_order, score, is_deleted) VALUES (251201035, 25120103, 2512107, 35, 'MIXED', 'SINGLE', 'According to the writer, companies like Previously Unavailable:', 'D', '["A","B","C","D","E","F","G","H","I","J","TRUE","FALSE","NOT GIVEN","YES","NO","i","ii","iii","iv","v","vi","vii","viii","ix"]', '["D"]', 'Imported 2025_12_06', 1, 1, 1, 35, 1, 0);
INSERT INTO reading_question (id, passage_id, part_group_id, question_number, question_type, answer_mode, question_text, correct_answer, options_json, accepted_answers_json, group_label, case_insensitive, ignore_whitespace, ignore_punctuation, display_order, score, is_deleted) VALUES (251201036, 25120103, 2512108, 36, 'MIXED', 'SINGLE', 'A book about the life and work of Thomas Edison suggests that ______', 'E', '["A","B","C","D","E","F","G","H","I","J","TRUE","FALSE","NOT GIVEN","YES","NO","i","ii","iii","iv","v","vi","vii","viii","ix"]', '["E"]', 'Imported 2025_12_06', 1, 1, 1, 36, 1, 0);
INSERT INTO reading_question (id, passage_id, part_group_id, question_number, question_type, answer_mode, question_text, correct_answer, options_json, accepted_answers_json, group_label, case_insensitive, ignore_whitespace, ignore_punctuation, display_order, score, is_deleted) VALUES (251201037, 25120103, 2512108, 37, 'MIXED', 'SINGLE', 'People who have worked for CEOs like Steve Jobs claim that ______', 'G', '["A","B","C","D","E","F","G","H","I","J","TRUE","FALSE","NOT GIVEN","YES","NO","i","ii","iii","iv","v","vi","vii","viii","ix"]', '["G"]', 'Imported 2025_12_06', 1, 1, 1, 37, 1, 0);
INSERT INTO reading_question (id, passage_id, part_group_id, question_number, question_type, answer_mode, question_text, correct_answer, options_json, accepted_answers_json, group_label, case_insensitive, ignore_whitespace, ignore_punctuation, display_order, score, is_deleted) VALUES (251201038, 25120103, 2512108, 38, 'MIXED', 'SINGLE', 'Critics of Harford''s 2011 TED Talk argue that ______', 'C', '["A","B","C","D","E","F","G","H","I","J","TRUE","FALSE","NOT GIVEN","YES","NO","i","ii","iii","iv","v","vi","vii","viii","ix"]', '["C"]', 'Imported 2025_12_06', 1, 1, 1, 38, 1, 0);
INSERT INTO reading_question (id, passage_id, part_group_id, question_number, question_type, answer_mode, question_text, correct_answer, options_json, accepted_answers_json, group_label, case_insensitive, ignore_whitespace, ignore_punctuation, display_order, score, is_deleted) VALUES (251201039, 25120103, 2512108, 39, 'MIXED', 'SINGLE', 'Steven Johnson''s hummingbird effect proposes that ______', 'B', '["A","B","C","D","E","F","G","H","I","J","TRUE","FALSE","NOT GIVEN","YES","NO","i","ii","iii","iv","v","vi","vii","viii","ix"]', '["B"]', 'Imported 2025_12_06', 1, 1, 1, 39, 1, 0);
INSERT INTO reading_question (id, passage_id, part_group_id, question_number, question_type, answer_mode, question_text, correct_answer, options_json, accepted_answers_json, group_label, case_insensitive, ignore_whitespace, ignore_punctuation, display_order, score, is_deleted) VALUES (251201040, 25120103, 2512108, 40, 'MIXED', 'SINGLE', 'Kode Biotech CEO Steve Henry believes that ______', 'D', '["A","B","C","D","E","F","G","H","I","J","TRUE","FALSE","NOT GIVEN","YES","NO","i","ii","iii","iv","v","vi","vii","viii","ix"]', '["D"]', 'Imported 2025_12_06', 1, 1, 1, 40, 1, 0);
DELETE FROM reading_question_answer_rule WHERE question_id BETWEEN 251202001 AND 251202040;
DELETE FROM reading_question WHERE id BETWEEN 251202001 AND 251202040;
DELETE FROM reading_passage WHERE id BETWEEN 25120201 AND 25120203;
DELETE FROM reading_part_group WHERE id BETWEEN 2512201 AND 2512220;
DELETE FROM reading_test WHERE id = 251202;
INSERT INTO reading_test (id, title, total_score, created_time, updated_time, is_deleted, timer_mode, prep_seconds, total_seconds, auto_submit, allow_pause) VALUES (251202, '2025-12-20 IELTS Academic Reading', 40, NOW(), NOW(), 0, 'TEST_LEVEL', 0, 3600, 1, 0);
INSERT INTO reading_part_group (id, test_id, part_number, group_number, title, instruction_text, group_guide_text, group_requirement_text, question_type, answer_mode, options_json, accepted_answers_json, answer_rules_json, case_insensitive, ignore_whitespace, ignore_punctuation, question_no_start, question_no_end, display_order, time_limit_seconds, is_deleted) VALUES (2512201, 251202, 1, 1, 'Passage 1', 'Read Passage 1 and answer Questions 1-6.', NULL, NULL, 'NOTE_COMPLETION', 'TEXT', NULL, NULL, NULL, 1, 1, 1, 1, 6, 1, NULL, 0);
INSERT INTO reading_part_group (id, test_id, part_number, group_number, title, instruction_text, group_guide_text, group_requirement_text, question_type, answer_mode, options_json, accepted_answers_json, answer_rules_json, case_insensitive, ignore_whitespace, ignore_punctuation, question_no_start, question_no_end, display_order, time_limit_seconds, is_deleted) VALUES (2512202, 251202, 1, 2, 'Passage 1', 'Read Passage 1 and answer Questions 7-13.', NULL, NULL, 'TRUE_FALSE_NOT_GIVEN', 'SINGLE', NULL, NULL, NULL, 1, 1, 1, 7, 13, 2, NULL, 0);
INSERT INTO reading_part_group (id, test_id, part_number, group_number, title, instruction_text, group_guide_text, group_requirement_text, question_type, answer_mode, options_json, accepted_answers_json, answer_rules_json, case_insensitive, ignore_whitespace, ignore_punctuation, question_no_start, question_no_end, display_order, time_limit_seconds, is_deleted) VALUES (2512203, 251202, 2, 1, 'Passage 2', 'Read Passage 2 and answer Questions 14-19.', NULL, NULL, 'MATCHING', 'SINGLE', NULL, NULL, NULL, 1, 1, 1, 14, 19, 4, NULL, 0);
INSERT INTO reading_part_group (id, test_id, part_number, group_number, title, instruction_text, group_guide_text, group_requirement_text, question_type, answer_mode, options_json, accepted_answers_json, answer_rules_json, case_insensitive, ignore_whitespace, ignore_punctuation, question_no_start, question_no_end, display_order, time_limit_seconds, is_deleted) VALUES (2512204, 251202, 2, 2, 'Passage 2', 'Read Passage 2 and answer Questions 20-23.', NULL, NULL, 'MATCHING', 'SINGLE', NULL, NULL, NULL, 1, 1, 1, 20, 23, 5, NULL, 0);
INSERT INTO reading_part_group (id, test_id, part_number, group_number, title, instruction_text, group_guide_text, group_requirement_text, question_type, answer_mode, options_json, accepted_answers_json, answer_rules_json, case_insensitive, ignore_whitespace, ignore_punctuation, question_no_start, question_no_end, display_order, time_limit_seconds, is_deleted) VALUES (2512205, 251202, 2, 3, 'Passage 2', 'Read Passage 2 and answer Questions 24-26.', NULL, NULL, 'SUMMARY_COMPLETION', 'TEXT', NULL, NULL, NULL, 1, 1, 1, 24, 26, 6, NULL, 0);
INSERT INTO reading_part_group (id, test_id, part_number, group_number, title, instruction_text, group_guide_text, group_requirement_text, question_type, answer_mode, options_json, accepted_answers_json, answer_rules_json, case_insensitive, ignore_whitespace, ignore_punctuation, question_no_start, question_no_end, display_order, time_limit_seconds, is_deleted) VALUES (2512206, 251202, 3, 1, 'Passage 3', 'Read Passage 3 and answer Questions 27-30.', NULL, NULL, 'MULTIPLE_CHOICE_SINGLE', 'SINGLE', NULL, NULL, NULL, 1, 1, 1, 27, 30, 7, NULL, 0);
INSERT INTO reading_part_group (id, test_id, part_number, group_number, title, instruction_text, group_guide_text, group_requirement_text, question_type, answer_mode, options_json, accepted_answers_json, answer_rules_json, case_insensitive, ignore_whitespace, ignore_punctuation, question_no_start, question_no_end, display_order, time_limit_seconds, is_deleted) VALUES (2512207, 251202, 3, 2, 'Passage 3', 'Read Passage 3 and answer Questions 31-36.', NULL, NULL, 'MATCHING', 'SINGLE', NULL, NULL, NULL, 1, 1, 1, 31, 36, 8, NULL, 0);
INSERT INTO reading_part_group (id, test_id, part_number, group_number, title, instruction_text, group_guide_text, group_requirement_text, question_type, answer_mode, options_json, accepted_answers_json, answer_rules_json, case_insensitive, ignore_whitespace, ignore_punctuation, question_no_start, question_no_end, display_order, time_limit_seconds, is_deleted) VALUES (2512208, 251202, 3, 3, 'Passage 3', 'Read Passage 3 and answer Questions 37-40.', NULL, NULL, 'YES_NO_NOT_GIVEN', 'SINGLE', NULL, NULL, NULL, 1, 1, 1, 37, 40, 9, NULL, 0);
INSERT INTO reading_passage (id, test_id, part_group_id, passage_no, title, content, material_type, display_order, is_deleted) VALUES (25120201, 251202, NULL, 1, 'Passage 1', 'You should spend about 20 minutes on', 'PASSAGE', 1, 0);
INSERT INTO reading_passage (id, test_id, part_group_id, passage_no, title, content, material_type, display_order, is_deleted) VALUES (25120202, 251202, NULL, 2, 'Passage 2', 'You should spend about 20 minutes on', 'PASSAGE', 2, 0);
INSERT INTO reading_passage (id, test_id, part_group_id, passage_no, title, content, material_type, display_order, is_deleted) VALUES (25120203, 251202, NULL, 3, 'Passage 3', 'You should spend about 20 minutes on', 'PASSAGE', 3, 0);
INSERT INTO reading_question (id, passage_id, part_group_id, question_number, question_type, answer_mode, question_text, correct_answer, options_json, accepted_answers_json, group_label, case_insensitive, ignore_whitespace, ignore_punctuation, display_order, score, is_deleted) VALUES (251202001, 25120201, 2512201, 1, 'MIXED', 'TEXT', 'Question 1', 'inefficient', NULL, '["inefficient"]', 'Imported 2025_12_20', 1, 1, 1, 1, 1, 0);
INSERT INTO reading_question (id, passage_id, part_group_id, question_number, question_type, answer_mode, question_text, correct_answer, options_json, accepted_answers_json, group_label, case_insensitive, ignore_whitespace, ignore_punctuation, display_order, score, is_deleted) VALUES (251202002, 25120201, 2512201, 2, 'MIXED', 'TEXT', 'Question 2', 'endurance', NULL, '["endurance"]', 'Imported 2025_12_20', 1, 1, 1, 2, 1, 0);
INSERT INTO reading_question (id, passage_id, part_group_id, question_number, question_type, answer_mode, question_text, correct_answer, options_json, accepted_answers_json, group_label, case_insensitive, ignore_whitespace, ignore_punctuation, display_order, score, is_deleted) VALUES (251202003, 25120201, 2512201, 3, 'MIXED', 'TEXT', 'Question 3', 'technical', NULL, '["technical"]', 'Imported 2025_12_20', 1, 1, 1, 3, 1, 0);
INSERT INTO reading_question (id, passage_id, part_group_id, question_number, question_type, answer_mode, question_text, correct_answer, options_json, accepted_answers_json, group_label, case_insensitive, ignore_whitespace, ignore_punctuation, display_order, score, is_deleted) VALUES (251202004, 25120201, 2512201, 4, 'MIXED', 'TEXT', 'Question 4', 'submarine', NULL, '["submarine"]', 'Imported 2025_12_20', 1, 1, 1, 4, 1, 0);
INSERT INTO reading_question (id, passage_id, part_group_id, question_number, question_type, answer_mode, question_text, correct_answer, options_json, accepted_answers_json, group_label, case_insensitive, ignore_whitespace, ignore_punctuation, display_order, score, is_deleted) VALUES (251202005, 25120201, 2512201, 5, 'MIXED', 'TEXT', 'Question 5', 'Clermont', NULL, '["Clermont"]', 'Imported 2025_12_20', 1, 1, 1, 5, 1, 0);
INSERT INTO reading_question (id, passage_id, part_group_id, question_number, question_type, answer_mode, question_text, correct_answer, options_json, accepted_answers_json, group_label, case_insensitive, ignore_whitespace, ignore_punctuation, display_order, score, is_deleted) VALUES (251202006, 25120201, 2512201, 6, 'MIXED', 'TEXT', 'Question 6', 'cargo', NULL, '["cargo"]', 'Imported 2025_12_20', 1, 1, 1, 6, 1, 0);
INSERT INTO reading_question (id, passage_id, part_group_id, question_number, question_type, answer_mode, question_text, correct_answer, options_json, accepted_answers_json, group_label, case_insensitive, ignore_whitespace, ignore_punctuation, display_order, score, is_deleted) VALUES (251202007, 25120201, 2512202, 7, 'MIXED', 'SINGLE', '_______ For steamboats to cross the Atlantic Ocean, engines which used fuel economically were needed.', 'TRUE', '["A","B","C","D","E","F","G","H","I","J","TRUE","FALSE","NOT GIVEN","YES","NO","i","ii","iii","iv","v","vi","vii","viii","ix"]', '["TRUE"]', 'Imported 2025_12_20', 1, 1, 1, 7, 1, 0);
INSERT INTO reading_question (id, passage_id, part_group_id, question_number, question_type, answer_mode, question_text, correct_answer, options_json, accepted_answers_json, group_label, case_insensitive, ignore_whitespace, ignore_punctuation, display_order, score, is_deleted) VALUES (251202008, 25120201, 2512202, 8, 'MIXED', 'SINGLE', '_______ Using paddle wheels guaranteed reliability on ocean crossings.', 'FALSE', '["A","B","C","D","E","F","G","H","I","J","TRUE","FALSE","NOT GIVEN","YES","NO","i","ii","iii","iv","v","vi","vii","viii","ix"]', '["FALSE"]', 'Imported 2025_12_20', 1, 1, 1, 8, 1, 0);
INSERT INTO reading_question (id, passage_id, part_group_id, question_number, question_type, answer_mode, question_text, correct_answer, options_json, accepted_answers_json, group_label, case_insensitive, ignore_whitespace, ignore_punctuation, display_order, score, is_deleted) VALUES (251202009, 25120201, 2512202, 9, 'MIXED', 'SINGLE', '_______ The Savannah was much faster than a regular paddle steamer.', 'NOT GIVEN', '["A","B","C","D","E","F","G","H","I","J","TRUE","FALSE","NOT GIVEN","YES","NO","i","ii","iii","iv","v","vi","vii","viii","ix"]', '["NOT GIVEN"]', 'Imported 2025_12_20', 1, 1, 1, 9, 1, 0);
INSERT INTO reading_question (id, passage_id, part_group_id, question_number, question_type, answer_mode, question_text, correct_answer, options_json, accepted_answers_json, group_label, case_insensitive, ignore_whitespace, ignore_punctuation, display_order, score, is_deleted) VALUES (251202010, 25120201, 2512202, 10, 'MIXED', 'SINGLE', '_______ Brunei preferred designing railways to steamships.', 'NOT GIVEN', '["A","B","C","D","E","F","G","H","I","J","TRUE","FALSE","NOT GIVEN","YES","NO","i","ii","iii","iv","v","vi","vii","viii","ix"]', '["NOT GIVEN"]', 'Imported 2025_12_20', 1, 1, 1, 10, 1, 0);
INSERT INTO reading_question (id, passage_id, part_group_id, question_number, question_type, answer_mode, question_text, correct_answer, options_json, accepted_answers_json, group_label, case_insensitive, ignore_whitespace, ignore_punctuation, display_order, score, is_deleted) VALUES (251202011, 25120201, 2512202, 11, 'MIXED', 'SINGLE', '_______ The Great Britain had more than one innovative feature.', 'TRUE', '["A","B","C","D","E","F","G","H","I","J","TRUE","FALSE","NOT GIVEN","YES","NO","i","ii","iii","iv","v","vi","vii","viii","ix"]', '["TRUE"]', 'Imported 2025_12_20', 1, 1, 1, 11, 1, 0);
INSERT INTO reading_question (id, passage_id, part_group_id, question_number, question_type, answer_mode, question_text, correct_answer, options_json, accepted_answers_json, group_label, case_insensitive, ignore_whitespace, ignore_punctuation, display_order, score, is_deleted) VALUES (251202012, 25120201, 2512202, 12, 'MIXED', 'SINGLE', '_______ The design of the riverboat Archimedes was widely admired.', 'NOT GIVEN', '["A","B","C","D","E","F","G","H","I","J","TRUE","FALSE","NOT GIVEN","YES","NO","i","ii","iii","iv","v","vi","vii","viii","ix"]', '["NOT GIVEN"]', 'Imported 2025_12_20', 1, 1, 1, 12, 1, 0);
INSERT INTO reading_question (id, passage_id, part_group_id, question_number, question_type, answer_mode, question_text, correct_answer, options_json, accepted_answers_json, group_label, case_insensitive, ignore_whitespace, ignore_punctuation, display_order, score, is_deleted) VALUES (251202013, 25120201, 2512202, 13, 'MIXED', 'SINGLE', '_______ Modern ships that cross the Atlantic use the same energy source as the early steamships. Researcher Howard Spector suggests that active art experiences benefit all age groups by providing individuals with the means to freely and creatively express themselves. Self-expression, in turn, promotes individuality, bolsters self-confidence and improves motivation and attitudes towards academic performance. Both active and passive art experiences can provide the benefits of discovery, stimulation and relaxation (Oliphant 2000). Furthermore, people''s participation in art enhances their development and expands their thoughts about culture. In short, art can make individuals more socially conscious. Section B Communities committed to providing opportunities for experiencing art are considered more livable because they are attractive to businesses and industry and they offer a higher quality of life for residents (Riley 2002). Tourism is strongly linked to art; art is believed to stimulate tourism in a community, and vice versa. Art-related tourism generates tourists and revenue, attracts high-income consumers, extends the tourist season and is a "green" form of the industry (Hughes 2000). Revitalization efforts have increased in many cities because of the strong presence of art opportunities. Art programs can be highly effective in reducing community problems related to delinquent behavior and truancy in youth (Spector 2000). The Philadelphia Department of Recreation Mural Arts Program (MAP) is one such program. It began in the early 1980s when the city undertook to remove graffiti in the city while creating a positive, productive and creative outlet for adjudicated graffiti artists, as they used their talents to beautify public spaces through the creation of murals, instilling a sense of pride, excellence, diligence and civic responsibility. Section C In recognition of these and other benefits, communities are finding many ways to ensure that the public is provided with opportunities to experience art. Public art programs are one way. These programs are typically administered by government, which commissions or mandates works of art for display in public spaces. Public art works can include street furniture, decorations, paving and landmarks, and may take on many forms, including sculpture, decorative ironwork, mosaic flooring and murals. The primary purpose of public art is to bring art into everyday life, to energize public spaces and to arouse society''s thinking and imagination. Section D Despite the significant benefits that art participation can offer to individuals and communities, only 35 percent of the American adult population visit museums or galleries at least once during the year, and only about 25 percent attend a live performance (Bradshaw 1998). Even fewer (14 percent) participate directly in photography, painting, drawing, sculpting, dance (other than ballet), creative writing or classical music. If art experiences are so beneficial, why aren''t more people participating? To help researchers shed light on this question, the RAND Corporation, a nonprofit institution that helps improve policy and decision-making through objective research and analysis, developed "A Behavior Model of the Participant Decision", which can be used to investigate people''s inclinations about participating in an art activity (Yoshitomi 2000). According to Yoshitomi, each person has a disposition related to his or her interest in engaging in an art activity; a person''s disposition is based on sociodemographic characteristics, social or cultural identity, personality and previous experience. The RAND model clusters participants into three groups according to their disposition toward art participation: those disinclined to participate; those inclined to participate; and those currently participating. Section E The RAND findings reveal that the disinclined perceive themselves as being uncomfortable or unfamiliar with art. This disposition might occur among people who do not value art and who have not received art education, or who perceive themselves as unsophisticated or lacking skill to participate. The inclined are interested in participating, but may be constrained by particular barriers such as cost, time, and proper attire. Current participants are those who are involved, and influence or encourage others to participate. Researchers suggest that a strong relationship exists between childhood and adult art participation rates. Individuals with a greater number of childhood art experiences are more likely to have higher rates of participation as adults. Although 90 percent of Americans believe art instruction is important for children and should be offered in schools, almost 40 percent of schools either offer no art instruction or have art instructors with no formal art training. Section F One recreation organization working to make sure children get exposed to art is the Boys and Girls Clubs of America, which offer two innovative programs: The National Photography Program and the National Fine Arts Exhibit. Both are designed to get Reading Passage 2 has six paragraphs, A–F. Choose the correct heading for each paragraph from the list of headings below. i. Interpreting the research behind who is participating in art activities ii. How sales of artwork have increased in many countries iii. Two opportunities for getting kids involved in art activities iv. How art can be made accessible to the public v. Developing a model to explain the lack of participation in art vi. The connection between art and media vii. How involvement with art affects well-being and attitudes viii. How art makes communities safer and more vital children excited about art. The photography program promotes new art that is technologically produced, including video and computer graphics, but primarily focuses on photography. The program provides club members with the opportunity to achieve personal growth and receive artistic recognition through instruction in photography. Participants also display their work at local, regional and national photography contests. The second program is the Fine Arts Exhibit. This encourages artistic expression, creativity, cultural appreciation and the development of artistic skills through classes, special events, exhibits and competitions. It allows participants to explore a variety of mediums, including drawing, painting, print making, collage and sculpture. Because art experiences provide so many important benefits to individuals and communities, it is important for community programs to facilitate opportunities and provide encouragement to increase participation in a variety of programs.', 'FALSE', '["A","B","C","D","E","F","G","H","I","J","TRUE","FALSE","NOT GIVEN","YES","NO","i","ii","iii","iv","v","vi","vii","viii","ix"]', '["FALSE"]', 'Imported 2025_12_20', 1, 1, 1, 13, 1, 0);
INSERT INTO reading_question (id, passage_id, part_group_id, question_number, question_type, answer_mode, question_text, correct_answer, options_json, accepted_answers_json, group_label, case_insensitive, ignore_whitespace, ignore_punctuation, display_order, score, is_deleted) VALUES (251202014, 25120202, 2512203, 14, 'MIXED', 'SINGLE', 'Section A  _________', 'vii', '["A","B","C","D","E","F","G","H","I","J","TRUE","FALSE","NOT GIVEN","YES","NO","i","ii","iii","iv","v","vi","vii","viii","ix"]', '["vii"]', 'Imported 2025_12_20', 1, 1, 1, 14, 1, 0);
INSERT INTO reading_question (id, passage_id, part_group_id, question_number, question_type, answer_mode, question_text, correct_answer, options_json, accepted_answers_json, group_label, case_insensitive, ignore_whitespace, ignore_punctuation, display_order, score, is_deleted) VALUES (251202015, 25120202, 2512203, 15, 'MIXED', 'SINGLE', 'Section B  _________', 'viii', '["A","B","C","D","E","F","G","H","I","J","TRUE","FALSE","NOT GIVEN","YES","NO","i","ii","iii","iv","v","vi","vii","viii","ix"]', '["viii"]', 'Imported 2025_12_20', 1, 1, 1, 15, 1, 0);
INSERT INTO reading_question (id, passage_id, part_group_id, question_number, question_type, answer_mode, question_text, correct_answer, options_json, accepted_answers_json, group_label, case_insensitive, ignore_whitespace, ignore_punctuation, display_order, score, is_deleted) VALUES (251202016, 25120202, 2512203, 16, 'MIXED', 'SINGLE', 'Section C  _________', 'iv', '["A","B","C","D","E","F","G","H","I","J","TRUE","FALSE","NOT GIVEN","YES","NO","i","ii","iii","iv","v","vi","vii","viii","ix"]', '["iv"]', 'Imported 2025_12_20', 1, 1, 1, 16, 1, 0);
INSERT INTO reading_question (id, passage_id, part_group_id, question_number, question_type, answer_mode, question_text, correct_answer, options_json, accepted_answers_json, group_label, case_insensitive, ignore_whitespace, ignore_punctuation, display_order, score, is_deleted) VALUES (251202017, 25120202, 2512203, 17, 'MIXED', 'SINGLE', 'Section D  _________', 'v', '["A","B","C","D","E","F","G","H","I","J","TRUE","FALSE","NOT GIVEN","YES","NO","i","ii","iii","iv","v","vi","vii","viii","ix"]', '["v"]', 'Imported 2025_12_20', 1, 1, 1, 17, 1, 0);
INSERT INTO reading_question (id, passage_id, part_group_id, question_number, question_type, answer_mode, question_text, correct_answer, options_json, accepted_answers_json, group_label, case_insensitive, ignore_whitespace, ignore_punctuation, display_order, score, is_deleted) VALUES (251202018, 25120202, 2512203, 18, 'MIXED', 'SINGLE', 'Section E  _________', 'i', '["A","B","C","D","E","F","G","H","I","J","TRUE","FALSE","NOT GIVEN","YES","NO","i","ii","iii","iv","v","vi","vii","viii","ix"]', '["i"]', 'Imported 2025_12_20', 1, 1, 1, 18, 1, 0);
INSERT INTO reading_question (id, passage_id, part_group_id, question_number, question_type, answer_mode, question_text, correct_answer, options_json, accepted_answers_json, group_label, case_insensitive, ignore_whitespace, ignore_punctuation, display_order, score, is_deleted) VALUES (251202019, 25120202, 2512203, 19, 'MIXED', 'SINGLE', 'Section F  _________ Look at the following statements (Questions 20-23) and the list of researchers below. Match each statement with the correct researcher, A-F. Write the correct letter, A-F, in boxes 20-23 on your answer sheet. Complete the sentences below. Choose ONE WORD ONLY from the passage for each answer.', 'iii', '["A","B","C","D","E","F","G","H","I","J","TRUE","FALSE","NOT GIVEN","YES","NO","i","ii","iii","iv","v","vi","vii","viii","ix"]', '["iii"]', 'Imported 2025_12_20', 1, 1, 1, 19, 1, 0);
INSERT INTO reading_question (id, passage_id, part_group_id, question_number, question_type, answer_mode, question_text, correct_answer, options_json, accepted_answers_json, group_label, case_insensitive, ignore_whitespace, ignore_punctuation, display_order, score, is_deleted) VALUES (251202020, 25120202, 2512204, 20, 'MIXED', 'SINGLE', '_________   Art activities can contribute to lowering negative incidents associated with juvenile crime.', 'A', '["A","B","C","D","E","F","G","H","I","J","TRUE","FALSE","NOT GIVEN","YES","NO","i","ii","iii","iv","v","vi","vii","viii","ix"]', '["A"]', 'Imported 2025_12_20', 1, 1, 1, 20, 1, 0);
INSERT INTO reading_question (id, passage_id, part_group_id, question_number, question_type, answer_mode, question_text, correct_answer, options_json, accepted_answers_json, group_label, case_insensitive, ignore_whitespace, ignore_punctuation, display_order, score, is_deleted) VALUES (251202021, 25120202, 2512204, 21, 'MIXED', 'SINGLE', '_________  Art can bring money and visitors into a community.', 'D', '["A","B","C","D","E","F","G","H","I","J","TRUE","FALSE","NOT GIVEN","YES","NO","i","ii","iii","iv","v","vi","vii","viii","ix"]', '["D"]', 'Imported 2025_12_20', 1, 1, 1, 21, 1, 0);
INSERT INTO reading_question (id, passage_id, part_group_id, question_number, question_type, answer_mode, question_text, correct_answer, options_json, accepted_answers_json, group_label, case_insensitive, ignore_whitespace, ignore_punctuation, display_order, score, is_deleted) VALUES (251202022, 25120202, 2512204, 22, 'MIXED', 'SINGLE', '_________   Commercial interests are drawn to areas that emphasize public art.', 'C', '["A","B","C","D","E","F","G","H","I","J","TRUE","FALSE","NOT GIVEN","YES","NO","i","ii","iii","iv","v","vi","vii","viii","ix"]', '["C"]', 'Imported 2025_12_20', 1, 1, 1, 22, 1, 0);
INSERT INTO reading_question (id, passage_id, part_group_id, question_number, question_type, answer_mode, question_text, correct_answer, options_json, accepted_answers_json, group_label, case_insensitive, ignore_whitespace, ignore_punctuation, display_order, score, is_deleted) VALUES (251202023, 25120202, 2512204, 23, 'MIXED', 'SINGLE', '_________  Art activities can both energize and calm people. READING PASSAGE 3 You should spend about 20 minutes on Questions 27-40, which are based on Reading Passage 3 below. The Long Road to Artificial Intelligence In 1950, the computing pioneer Alan Turing published a paper in the journal Mind entitled ''Computing Machinery and Intelligence''. It was the first serious, scholarly treatment of the concept of Artificial Intelligence (AI). Turing predicted that by the year 2000 the majority of people would be able to speak of machines thinking without expecting to be contradicted, envisaging a world very different from the one he lived in. Despite Turing''s prediction, human-level artificial intelligence had not been achieved by the year 2000. Nevertheless, one significant milestone in artificial intelligence had recently been attained. In 1997 Deep Blue, a computer developed by IBM, defeated the world chess champion Garry Kasparov. Kasparov had beaten previous computer chess programs, which to him seemed predictable and mechanical, but he allegedly said he sensed an ''alien intelligence'' on the other side of the board when he played against Deep Blue. It is instructive to stand back and ponder this moment in the history of AI. The field had accomplished something that half a century beforehand might have been considered its crowning achievement. Humanity had been outstripped by a machine. Of course, a car can move faster than the fastest human sprinter, and a', 'B', '["A","B","C","D","E","F","G","H","I","J","TRUE","FALSE","NOT GIVEN","YES","NO","i","ii","iii","iv","v","vi","vii","viii","ix"]', '["B"]', 'Imported 2025_12_20', 1, 1, 1, 23, 1, 0);
INSERT INTO reading_question (id, passage_id, part_group_id, question_number, question_type, answer_mode, question_text, correct_answer, options_json, accepted_answers_json, group_label, case_insensitive, ignore_whitespace, ignore_punctuation, display_order, score, is_deleted) VALUES (251202024, 25120202, 2512205, 24, 'MIXED', 'TEXT', 'Sometimes people want to get involved in art activities but can''t afford it, can''t fit it into their schedule, or don''t have the suitable ___________.', 'attire', NULL, '["attire"]', 'Imported 2025_12_20', 1, 1, 1, 24, 1, 0);
INSERT INTO reading_question (id, passage_id, part_group_id, question_number, question_type, answer_mode, question_text, correct_answer, options_json, accepted_answers_json, group_label, case_insensitive, ignore_whitespace, ignore_punctuation, display_order, score, is_deleted) VALUES (251202025, 25120202, 2512205, 25, 'MIXED', 'TEXT', 'A noticeable correlation exists between art involvement ___________ in childhood and those in adulthood.', 'rates', NULL, '["rates"]', 'Imported 2025_12_20', 1, 1, 1, 25, 1, 0);
INSERT INTO reading_question (id, passage_id, part_group_id, question_number, question_type, answer_mode, question_text, correct_answer, options_json, accepted_answers_json, group_label, case_insensitive, ignore_whitespace, ignore_punctuation, display_order, score, is_deleted) VALUES (251202026, 25120202, 2512205, 26, 'MIXED', 'TEXT', 'The National Photography Program allows members to grow personally and also gain ___________ for their artistic achievements. crane can carry far more than a champion weight-lifter. But intellectual prowess is what sets human beings apart from the rest of the animals, and chess is a supremely intellectual pursuit. Yet somehow we seemed no nearer to human-level AI than in Turing''s time. How could this be? The problem with Deep Blue was that it was a specialist. All it could do was play chess. Contrast this with a typical human adult. Take the office worker who has just walked past the window of the café where I am sitting with my laptop. Her day has no doubt been a busy patchwork of activities—making a packed lunch, reviewing the children''s homework, driving to work, composing emails, fixing the photocopier, and so on. Each of these activities requires the exercise of multiple sensorimotor skills. Consider the task of making a packed lunch. This involves retrieving utensils and ingredients from various places, opening packets, chopping, cutting, spreading, and so on. In short, a human being is a generalist. A human chess champion can do a whole lot more than just play chess. Moreover, a human being is adaptive. Fixing photocopiers is not an innate capability. It is learned. Had the office worker been born in a different century or a different culture, she would have acquired a different set of skills. And if she has the misfortune to lose her present job, she can re-train for another one. The achievements of AI research in a variety of specialist domains (chess being just one among many success stories) contrast starkly with the field''s failure to produce a machine with general-purpose, adaptive intelligence. So our basic question is, how could we produce artificial general intelligence? An essential feature of biological intelligence is embodiment. Unlike Deep Blue, a human being is an animal with a body, and its brain is part of that body. The brain of an animal has evolved to prevent any harm from coming to that body and to perpetuate the genes that it carries. The body has muscles, enabling it to move, and senses, so that its actions can be made to react to the state of the environment, the better to achieve its goal. The brain shapes the animal''s actions according to what it perceives. Human intelligence, for all its glorious achievements, is fundamentally an extension of animal intelligence, and the human capacities for language, reason, and creativity all rest on a sensorimotor foundation. So while the endeavor to create artificial general intelligence might succeed without much that is essential to biological life, such as metabolism and reproduction, perhaps embodiment is a methodological necessity. Perhaps the need to engage with a messy, dynamic, physical environment full of complex and varied objects, both animate and inanimate, is at the root of intelligence. The only way to form a reliable judgment of the intelligence of an artifact is to observe its behavior in an environment like our own. And the only way to achieve human-level AI, according to this way of thinking, is through robotics. Our basic question can then be reformulated: How can we endow a robot with general intelligence? One possibility is that general intelligence is simply the sum of many specialist Choose the correct letter, A, B, C or D. sensorimotor skills, and up to now, AI hasn''t replicated enough of them. So when robots have been given a certain critical mass of skills, general intelligence will somehow emerge. But even if we gloss over the many engineering questions this proposal begs, it remains unconvincing. The products of such an approach might briefly give the appearance of general intelligence. But nobody would be fooled for very long. The multi-specialist robot is going to get stuck as soon as it has to face a problem that is outside its areas of expertise, an inevitable occurrence in an ever-changing world. Perhaps the capacity to learn is enough to plug the gap here. In an unfamiliar situation, a new skill can be learned. Indeed, learning in its various forms is the backdrop to all intelligence. But learning is time-consuming and risky. The hallmark of general intelligence in a robot is therefore the ability to adapt an existing set of behaviors to new challenges, and to do so without recourse to trial and error or to training by a third party. Only when that can be achieved will artificial intelligence truly match human intelligence.', 'recognition', NULL, '["recognition"]', 'Imported 2025_12_20', 1, 1, 1, 26, 1, 0);
INSERT INTO reading_question (id, passage_id, part_group_id, question_number, question_type, answer_mode, question_text, correct_answer, options_json, accepted_answers_json, group_label, case_insensitive, ignore_whitespace, ignore_punctuation, display_order, score, is_deleted) VALUES (251202027, 25120203, 2512206, 27, 'MIXED', 'SINGLE', 'When playing chess against the computer Deep Blue, Kasparov felt that it', 'D', '["A","B","C","D","E","F","G","H","I","J","TRUE","FALSE","NOT GIVEN","YES","NO","i","ii","iii","iv","v","vi","vii","viii","ix"]', '["D"]', 'Imported 2025_12_20', 1, 1, 1, 27, 1, 0);
INSERT INTO reading_question (id, passage_id, part_group_id, question_number, question_type, answer_mode, question_text, correct_answer, options_json, accepted_answers_json, group_label, case_insensitive, ignore_whitespace, ignore_punctuation, display_order, score, is_deleted) VALUES (251202028, 25120203, 2512206, 28, 'MIXED', 'SINGLE', 'What is the writer''s main idea in the third paragraph? Complete the summary using the list of words, A-J, below.', 'C', '["A","B","C","D","E","F","G","H","I","J","TRUE","FALSE","NOT GIVEN","YES","NO","i","ii","iii","iv","v","vi","vii","viii","ix"]', '["C"]', 'Imported 2025_12_20', 1, 1, 1, 28, 1, 0);
INSERT INTO reading_question (id, passage_id, part_group_id, question_number, question_type, answer_mode, question_text, correct_answer, options_json, accepted_answers_json, group_label, case_insensitive, ignore_whitespace, ignore_punctuation, display_order, score, is_deleted) VALUES (251202029, 25120203, 2512206, 29, 'MIXED', 'SINGLE', 'The writer describes the case of an office worker to illustrate the point that', 'A', '["A","B","C","D","E","F","G","H","I","J","TRUE","FALSE","NOT GIVEN","YES","NO","i","ii","iii","iv","v","vi","vii","viii","ix"]', '["A"]', 'Imported 2025_12_20', 1, 1, 1, 29, 1, 0);
INSERT INTO reading_question (id, passage_id, part_group_id, question_number, question_type, answer_mode, question_text, correct_answer, options_json, accepted_answers_json, group_label, case_insensitive, ignore_whitespace, ignore_punctuation, display_order, score, is_deleted) VALUES (251202030, 25120203, 2512206, 30, 'MIXED', 'SINGLE', 'In the fifth paragraph, the writer claims that Embodiment: an essential feature Unlike machines, animals (including humans) have a body, including a brain which has evolved to provide 31 ________ for that body and allow its genes to be passed on. An animal''s senses provide it with information about its 32 ________ and then through 33 ________ it can react physically to what it senses. The interaction of the body and brain therefore allows the creation of a link between 34 ________ and action. The 35 ________ which make us human and which distinguish us from animals have their 36 ________ in this link between the brain and the body, and have developed from it. Do the following statements agree with the views of the writer in Reading Passage 3? In boxes 37-40 on your answer sheet, write TRUE FALSE NOT GIVEN if the statement agrees with the information if the statement contradicts the information if there is no information on this A results B nourishment C basis D qualities E protection F evolution G surroundings H values I perception J movement', 'C', '["A","B","C","D","E","F","G","H","I","J","TRUE","FALSE","NOT GIVEN","YES","NO","i","ii","iii","iv","v","vi","vii","viii","ix"]', '["C"]', 'Imported 2025_12_20', 1, 1, 1, 30, 1, 0);
INSERT INTO reading_question (id, passage_id, part_group_id, question_number, question_type, answer_mode, question_text, correct_answer, options_json, accepted_answers_json, group_label, case_insensitive, ignore_whitespace, ignore_punctuation, display_order, score, is_deleted) VALUES (251202031, 25120203, 2512207, 31, 'MIXED', 'SINGLE', 'Question 31', 'E', '["A","B","C","D","E","F","G","H","I","J","TRUE","FALSE","NOT GIVEN","YES","NO","i","ii","iii","iv","v","vi","vii","viii","ix"]', '["E"]', 'Imported 2025_12_20', 1, 1, 1, 31, 1, 0);
INSERT INTO reading_question (id, passage_id, part_group_id, question_number, question_type, answer_mode, question_text, correct_answer, options_json, accepted_answers_json, group_label, case_insensitive, ignore_whitespace, ignore_punctuation, display_order, score, is_deleted) VALUES (251202032, 25120203, 2512207, 32, 'MIXED', 'SINGLE', 'Question 32', 'G', '["A","B","C","D","E","F","G","H","I","J","TRUE","FALSE","NOT GIVEN","YES","NO","i","ii","iii","iv","v","vi","vii","viii","ix"]', '["G"]', 'Imported 2025_12_20', 1, 1, 1, 32, 1, 0);
INSERT INTO reading_question (id, passage_id, part_group_id, question_number, question_type, answer_mode, question_text, correct_answer, options_json, accepted_answers_json, group_label, case_insensitive, ignore_whitespace, ignore_punctuation, display_order, score, is_deleted) VALUES (251202033, 25120203, 2512207, 33, 'MIXED', 'SINGLE', 'Question 33', 'J', '["A","B","C","D","E","F","G","H","I","J","TRUE","FALSE","NOT GIVEN","YES","NO","i","ii","iii","iv","v","vi","vii","viii","ix"]', '["J"]', 'Imported 2025_12_20', 1, 1, 1, 33, 1, 0);
INSERT INTO reading_question (id, passage_id, part_group_id, question_number, question_type, answer_mode, question_text, correct_answer, options_json, accepted_answers_json, group_label, case_insensitive, ignore_whitespace, ignore_punctuation, display_order, score, is_deleted) VALUES (251202034, 25120203, 2512207, 34, 'MIXED', 'SINGLE', 'Question 34', 'I', '["A","B","C","D","E","F","G","H","I","J","TRUE","FALSE","NOT GIVEN","YES","NO","i","ii","iii","iv","v","vi","vii","viii","ix"]', '["I"]', 'Imported 2025_12_20', 1, 1, 1, 34, 1, 0);
INSERT INTO reading_question (id, passage_id, part_group_id, question_number, question_type, answer_mode, question_text, correct_answer, options_json, accepted_answers_json, group_label, case_insensitive, ignore_whitespace, ignore_punctuation, display_order, score, is_deleted) VALUES (251202035, 25120203, 2512207, 35, 'MIXED', 'SINGLE', 'Question 35', 'D', '["A","B","C","D","E","F","G","H","I","J","TRUE","FALSE","NOT GIVEN","YES","NO","i","ii","iii","iv","v","vi","vii","viii","ix"]', '["D"]', 'Imported 2025_12_20', 1, 1, 1, 35, 1, 0);
INSERT INTO reading_question (id, passage_id, part_group_id, question_number, question_type, answer_mode, question_text, correct_answer, options_json, accepted_answers_json, group_label, case_insensitive, ignore_whitespace, ignore_punctuation, display_order, score, is_deleted) VALUES (251202036, 25120203, 2512207, 36, 'MIXED', 'SINGLE', 'Question 36', 'C', '["A","B","C","D","E","F","G","H","I","J","TRUE","FALSE","NOT GIVEN","YES","NO","i","ii","iii","iv","v","vi","vii","viii","ix"]', '["C"]', 'Imported 2025_12_20', 1, 1, 1, 36, 1, 0);
INSERT INTO reading_question (id, passage_id, part_group_id, question_number, question_type, answer_mode, question_text, correct_answer, options_json, accepted_answers_json, group_label, case_insensitive, ignore_whitespace, ignore_punctuation, display_order, score, is_deleted) VALUES (251202037, 25120203, 2512208, 37, 'MIXED', 'SINGLE', '_______  Any sort of artificial general intelligence must have the capacity for metabolism and reproduction.', 'NO', '["A","B","C","D","E","F","G","H","I","J","TRUE","FALSE","NOT GIVEN","YES","NO","i","ii","iii","iv","v","vi","vii","viii","ix"]', '["NO"]', 'Imported 2025_12_20', 1, 1, 1, 37, 1, 0);
INSERT INTO reading_question (id, passage_id, part_group_id, question_number, question_type, answer_mode, question_text, correct_answer, options_json, accepted_answers_json, group_label, case_insensitive, ignore_whitespace, ignore_punctuation, display_order, score, is_deleted) VALUES (251202038, 25120203, 2512208, 38, 'MIXED', 'SINGLE', '_______ Intelligence may depend on the ability to interact with a complex and unpredictable environment.', 'YES', '["A","B","C","D","E","F","G","H","I","J","TRUE","FALSE","NOT GIVEN","YES","NO","i","ii","iii","iv","v","vi","vii","viii","ix"]', '["YES"]', 'Imported 2025_12_20', 1, 1, 1, 38, 1, 0);
INSERT INTO reading_question (id, passage_id, part_group_id, question_number, question_type, answer_mode, question_text, correct_answer, options_json, accepted_answers_json, group_label, case_insensitive, ignore_whitespace, ignore_punctuation, display_order, score, is_deleted) VALUES (251202039, 25120203, 2512208, 39, 'MIXED', 'SINGLE', '_______ It is dangerous to rely too much on multi-specialist robots which could develop unfixable faults.', 'NOT GIVEN', '["A","B","C","D","E","F","G","H","I","J","TRUE","FALSE","NOT GIVEN","YES","NO","i","ii","iii","iv","v","vi","vii","viii","ix"]', '["NOT GIVEN"]', 'Imported 2025_12_20', 1, 1, 1, 39, 1, 0);
INSERT INTO reading_question (id, passage_id, part_group_id, question_number, question_type, answer_mode, question_text, correct_answer, options_json, accepted_answers_json, group_label, case_insensitive, ignore_whitespace, ignore_punctuation, display_order, score, is_deleted) VALUES (251202040, 25120203, 2512208, 40, 'MIXED', 'SINGLE', '_______ Training by experts is essential for acquiring certain types of skills.', 'NO', '["A","B","C","D","E","F","G","H","I","J","TRUE","FALSE","NOT GIVEN","YES","NO","i","ii","iii","iv","v","vi","vii","viii","ix"]', '["NO"]', 'Imported 2025_12_20', 1, 1, 1, 40, 1, 0);
DELETE FROM reading_question_answer_rule WHERE question_id BETWEEN 251203001 AND 251203040;
DELETE FROM reading_question WHERE id BETWEEN 251203001 AND 251203040;
DELETE FROM reading_passage WHERE id BETWEEN 25120301 AND 25120303;
DELETE FROM reading_part_group WHERE id BETWEEN 2512301 AND 2512320;
DELETE FROM reading_test WHERE id = 251203;
INSERT INTO reading_test (id, title, total_score, created_time, updated_time, is_deleted, timer_mode, prep_seconds, total_seconds, auto_submit, allow_pause) VALUES (251203, '2025-12-26 IELTS Academic Reading', 40, NOW(), NOW(), 0, 'TEST_LEVEL', 0, 3600, 1, 0);
INSERT INTO reading_part_group (id, test_id, part_number, group_number, title, instruction_text, group_guide_text, group_requirement_text, question_type, answer_mode, options_json, accepted_answers_json, answer_rules_json, case_insensitive, ignore_whitespace, ignore_punctuation, question_no_start, question_no_end, display_order, time_limit_seconds, is_deleted) VALUES (2512301, 251203, 1, 1, 'Passage 1', 'Read Passage 1 and answer Questions 1-5.', NULL, NULL, 'TRUE_FALSE_NOT_GIVEN', 'SINGLE', NULL, NULL, NULL, 1, 1, 1, 1, 5, 1, NULL, 0);
INSERT INTO reading_part_group (id, test_id, part_number, group_number, title, instruction_text, group_guide_text, group_requirement_text, question_type, answer_mode, options_json, accepted_answers_json, answer_rules_json, case_insensitive, ignore_whitespace, ignore_punctuation, question_no_start, question_no_end, display_order, time_limit_seconds, is_deleted) VALUES (2512302, 251203, 1, 2, 'Passage 1', 'Read Passage 1 and answer Questions 6-13.', NULL, NULL, 'SENTENCE_COMPLETION', 'TEXT', NULL, NULL, NULL, 1, 1, 1, 6, 13, 2, NULL, 0);
INSERT INTO reading_part_group (id, test_id, part_number, group_number, title, instruction_text, group_guide_text, group_requirement_text, question_type, answer_mode, options_json, accepted_answers_json, answer_rules_json, case_insensitive, ignore_whitespace, ignore_punctuation, question_no_start, question_no_end, display_order, time_limit_seconds, is_deleted) VALUES (2512303, 251203, 2, 1, 'Passage 2', 'Read Passage 2 and answer Questions 14-18.', NULL, NULL, 'MATCHING', 'SINGLE', NULL, NULL, NULL, 1, 1, 1, 14, 18, 4, NULL, 0);
INSERT INTO reading_part_group (id, test_id, part_number, group_number, title, instruction_text, group_guide_text, group_requirement_text, question_type, answer_mode, options_json, accepted_answers_json, answer_rules_json, case_insensitive, ignore_whitespace, ignore_punctuation, question_no_start, question_no_end, display_order, time_limit_seconds, is_deleted) VALUES (2512304, 251203, 2, 2, 'Passage 2', 'Read Passage 2 and answer Questions 19-24.', NULL, NULL, 'MULTIPLE_CHOICE_SINGLE', 'SINGLE', NULL, NULL, NULL, 1, 1, 1, 19, 24, 5, NULL, 0);
INSERT INTO reading_part_group (id, test_id, part_number, group_number, title, instruction_text, group_guide_text, group_requirement_text, question_type, answer_mode, options_json, accepted_answers_json, answer_rules_json, case_insensitive, ignore_whitespace, ignore_punctuation, question_no_start, question_no_end, display_order, time_limit_seconds, is_deleted) VALUES (2512305, 251203, 2, 3, 'Passage 2', 'Read Passage 2 and answer Questions 25-26.', NULL, NULL, 'MULTIPLE_CHOICE_SINGLE', 'SINGLE', NULL, NULL, NULL, 1, 1, 1, 25, 26, 6, NULL, 0);
INSERT INTO reading_part_group (id, test_id, part_number, group_number, title, instruction_text, group_guide_text, group_requirement_text, question_type, answer_mode, options_json, accepted_answers_json, answer_rules_json, case_insensitive, ignore_whitespace, ignore_punctuation, question_no_start, question_no_end, display_order, time_limit_seconds, is_deleted) VALUES (2512306, 251203, 3, 1, 'Passage 3', 'Read Passage 3 and answer Questions 27-29.', NULL, NULL, 'MATCHING', 'SINGLE', NULL, NULL, NULL, 1, 1, 1, 27, 29, 7, NULL, 0);
INSERT INTO reading_part_group (id, test_id, part_number, group_number, title, instruction_text, group_guide_text, group_requirement_text, question_type, answer_mode, options_json, accepted_answers_json, answer_rules_json, case_insensitive, ignore_whitespace, ignore_punctuation, question_no_start, question_no_end, display_order, time_limit_seconds, is_deleted) VALUES (2512307, 251203, 3, 2, 'Passage 3', 'Read Passage 3 and answer Questions 30-33.', NULL, NULL, 'SUMMARY_COMPLETION', 'TEXT', NULL, NULL, NULL, 1, 1, 1, 30, 33, 8, NULL, 0);
INSERT INTO reading_part_group (id, test_id, part_number, group_number, title, instruction_text, group_guide_text, group_requirement_text, question_type, answer_mode, options_json, accepted_answers_json, answer_rules_json, case_insensitive, ignore_whitespace, ignore_punctuation, question_no_start, question_no_end, display_order, time_limit_seconds, is_deleted) VALUES (2512308, 251203, 3, 3, 'Passage 3', 'Read Passage 3 and answer Questions 34-37.', NULL, NULL, 'MATCHING', 'SINGLE', NULL, NULL, NULL, 1, 1, 1, 34, 37, 9, NULL, 0);
INSERT INTO reading_part_group (id, test_id, part_number, group_number, title, instruction_text, group_guide_text, group_requirement_text, question_type, answer_mode, options_json, accepted_answers_json, answer_rules_json, case_insensitive, ignore_whitespace, ignore_punctuation, question_no_start, question_no_end, display_order, time_limit_seconds, is_deleted) VALUES (2512309, 251203, 3, 4, 'Passage 3', 'Read Passage 3 and answer Questions 38-40.', NULL, NULL, 'MATCHING', 'SINGLE', NULL, NULL, NULL, 1, 1, 1, 38, 40, 10, NULL, 0);
INSERT INTO reading_passage (id, test_id, part_group_id, passage_no, title, content, material_type, display_order, is_deleted) VALUES (25120301, 251203, NULL, 1, 'Passage 1', 'You should spend about 20 minutes on', 'PASSAGE', 1, 0);
INSERT INTO reading_passage (id, test_id, part_group_id, passage_no, title, content, material_type, display_order, is_deleted) VALUES (25120302, 251203, NULL, 2, 'Passage 2', 'You should spend about 20 minutes on', 'PASSAGE', 2, 0);
INSERT INTO reading_passage (id, test_id, part_group_id, passage_no, title, content, material_type, display_order, is_deleted) VALUES (25120303, 251203, NULL, 3, 'Passage 3', 'You should spend about 20 minutes on', 'PASSAGE', 3, 0);
INSERT INTO reading_question (id, passage_id, part_group_id, question_number, question_type, answer_mode, question_text, correct_answer, options_json, accepted_answers_json, group_label, case_insensitive, ignore_whitespace, ignore_punctuation, display_order, score, is_deleted) VALUES (251203001, 25120301, 2512301, 1, 'MIXED', 'SINGLE', '_______ The TF Nextstage stores planned to sell products to make life easier for older people.', 'TRUE', '["A","B","C","D","E","F","G","H","I","J","TRUE","FALSE","NOT GIVEN","YES","NO","i","ii","iii","iv","v","vi","vii","viii","ix"]', '["TRUE"]', 'Imported 2025_12_26', 1, 1, 1, 1, 1, 0);
INSERT INTO reading_question (id, passage_id, part_group_id, question_number, question_type, answer_mode, question_text, correct_answer, options_json, accepted_answers_json, group_label, case_insensitive, ignore_whitespace, ignore_punctuation, display_order, score, is_deleted) VALUES (251203002, 25120301, 2512301, 2, 'MIXED', 'SINGLE', '_______ TF’s market research indicated that people liked the products.', 'TRUE', '["A","B","C","D","E","F","G","H","I","J","TRUE","FALSE","NOT GIVEN","YES","NO","i","ii","iii","iv","v","vi","vii","viii","ix"]', '["TRUE"]', 'Imported 2025_12_26', 1, 1, 1, 2, 1, 0);
INSERT INTO reading_question (id, passage_id, part_group_id, question_number, question_type, answer_mode, question_text, correct_answer, options_json, accepted_answers_json, group_label, case_insensitive, ignore_whitespace, ignore_punctuation, display_order, score, is_deleted) VALUES (251203003, 25120301, 2512301, 3, 'MIXED', 'SINGLE', '_______ It cost more than expected to remodel the TF stores.', 'NOT GIVEN', '["A","B","C","D","E","F","G","H","I","J","TRUE","FALSE","NOT GIVEN","YES","NO","i","ii","iii","iv","v","vi","vii","viii","ix"]', '["NOT GIVEN"]', 'Imported 2025_12_26', 1, 1, 1, 3, 1, 0);
INSERT INTO reading_question (id, passage_id, part_group_id, question_number, question_type, answer_mode, question_text, correct_answer, options_json, accepted_answers_json, group_label, case_insensitive, ignore_whitespace, ignore_punctuation, display_order, score, is_deleted) VALUES (251203004, 25120301, 2512301, 4, 'MIXED', 'SINGLE', '_______The TF Nextstage coffee shops sold their own brand of food and drink.', 'NOT GIVEN', '["A","B","C","D","E","F","G","H","I","J","TRUE","FALSE","NOT GIVEN","YES","NO","i","ii","iii","iv","v","vi","vii","viii","ix"]', '["NOT GIVEN"]', 'Imported 2025_12_26', 1, 1, 1, 4, 1, 0);
INSERT INTO reading_question (id, passage_id, part_group_id, question_number, question_type, answer_mode, question_text, correct_answer, options_json, accepted_answers_json, group_label, case_insensitive, ignore_whitespace, ignore_punctuation, display_order, score, is_deleted) VALUES (251203005, 25120301, 2512301, 5, 'MIXED', 'SINGLE', '_______ TF Nextstage customers liked the atmosphere in the new stores. Feedback from experts Donna Sturgess Problems with customer research: • The TF team limited their research to attitudes that occur at a 6 _______ level in customers’ minds. • TF did not consider customers’ emotions How my company dealt with a similar problem: Market research: Alex Lee • Product: Alli • Use: help people achieve 7 _______ • Marketing aim: help customers see the product in a positive way by: – giving the product a 8 _______ that seems helpful and supportive – giving the product a reusable 9 _______ • does not need to be complex • good information can come from interviews or studying the 10 _______ of consumers in the home • customers are attracted to the ideal, not the reality, e.g. ads for surf gear Problem: How my company dealt with a similar problem: Market research: • we organised 11 _______ to find out what images customers associate with our products • we do not call our products helping tools in our marketing campaigns • can be basic, e.g. by doing 12 _______ • company executives should follow their 13 _______ READING PASSAGE 2 You should spend about 20 minutes on Questions 14-26, which are based on Reading Passage 2 below. Follow your nose Aromatherapy is the most widely used complementary therapy in the National Health Service, and doctors use it most often for treating dementia. For elderly patients who have difficulty interacting verbally, and to whom conventional medicine has little to offer, aromatherapy can bring benefits in terms of better sleep, improved motivation, and less disturbed behaviour. So the thinking goes. But last year, a systematic review of health care databases found almost no evidence that aromatherapy is effective in the treatment of dementia. Other findings suggest that aromatherapy works only if you believe it will. In fact, the only research that has unequivocally shown it to have an effect has been carried out on animals. Behavioural studies have consistently shown that odours elicit emotional memories far more readily than other sensory cues. And earlier this year, Rachel Herz, of Brown University in Providence, Rhode Island, and colleagues peered into people''s heads using functional Magnetic Resonance Imaging (fMRI) to corroborate that. They scanned the brains of five women while they either looked at a photo of a bottle of perfume that evoked a pleasant memory for them, or smelled that perfume. One woman, for instance, remembered how as a child living in Paris-she would watch with excitement as her mother dressed to go out and sprayed herself with that perfume. The women themselves described the perfume as far more evocative than the photo, and Herz and co-workers found that the scent did indeed activate the amygdala and other brain regions associated with emotion processing far more strongly than the photograph. But the interesting thing was that the memory itself was no better recalled by the odour than by the picture. "People don''t remember any more detail or with any more clarity when the memory is recalled with an odour," she says. "However, with the odour, you have this intense emotional feeling that''s really visceral." That''s hardly surprising, Herz thinks, given how the brain has evolved. "The way I like to think about it is that emotion and olfaction are essentially the same things," she says. "The part of the brain that controls emotion literally grew out of the part of the brain that controls smell." That, she says, probably explains why memories for odours that are associated with intense emotions are so strongly entrenched in us, because the smell was initially a survival skill: a signal to approach or to avoid. Eric Vermetten, a psychiatrist at the University of Utrecht in the Netherlands, says that doctors have long known about the potential of smells to act as traumatic reminders, but the evidence has been largely anecdotal. Last year, he and others set out to document it by describing three cases of post-traumatic stress disorder (PTSD) in which patients reported either that a certain smell triggered their flashbacks, or that smell was a feature of the flashback itself. The researchers concluded that odours could be made use of in exposure therapy, or for reconditioning patients'' fear responses. After Vermetten presented his findings at a conference, doctors in the audience told him how they had turned this association around and put it to good use. PTSD patients often undergo group therapy, but the therapy itself can expose them to traumatic reminders. "Some clinicians put a strip of vanilla or a strong, pleasant, everyday odorant such as coffee under their patients'' noses, so that they have this continuous olfactory stimulation," says Vermetten. So armed, the patients seem to be better protected against flashbacks. It''s purely anecdotal, and nobody knows what''s happening in the brain, says Vermetten, but it''s possible that the neural pathways by which the odour elicits the pleasant, everyday memory override the fear-conditioned neural pathways that respond to verbal cues. According to Herz, the therapeutic potential of odours could lie in their very unreliability. She has shown with her perfume-bottle experiment that they don''t guarantee any better recall, even if the memories they elicit feel more real. And there''s plenty of research to show that our noses can be tricked, because being predominantly visual and verbal creatures, we put more faith in those other modalities. In 2001, for instance, Gil Morrot, of the National Institute for Agronomic Research in Montpellier, tricked 54 oenology students by secretly colouring a white wine with an odourless red dye just before they were asked to describe the odours of a range of red and white wines. The students described the coloured wine using terms typically reserved for red wines. What''s more, just like experts, they used terms alluding to the wine''s redness and darkness-visual rather than olfactory qualities. Smell, the researchers concluded, cannot be separated from the other senses. Last July, Jay Gottfried and Ray Dolan of the Wellcome Department of Imaging Neuroscience in London took that research a step further when they tested Reading Passage 2 has seven paragraphs, A–G. Choose the correct heading for each paragraph from the list of headings below. i. Remembering the past more clearly ii. Bringing back painful memories iii. Originally an alarm signal iv. The physical effects of scent versus image v. Checking unreliable evidence vi. Reinforcing one sense with another vii.Protection against reliving the past viii. The overriding power of sight and sound ix. Conflicting views', 'FALSE', '["A","B","C","D","E","F","G","H","I","J","TRUE","FALSE","NOT GIVEN","YES","NO","i","ii","iii","iv","v","vi","vii","viii","ix"]', '["FALSE"]', 'Imported 2025_12_26', 1, 1, 1, 5, 1, 0);
INSERT INTO reading_question (id, passage_id, part_group_id, question_number, question_type, answer_mode, question_text, correct_answer, options_json, accepted_answers_json, group_label, case_insensitive, ignore_whitespace, ignore_punctuation, display_order, score, is_deleted) VALUES (251203006, 25120301, 2512302, 6, 'MIXED', 'TEXT', 'Question 6', 'surface', NULL, '["surface"]', 'Imported 2025_12_26', 1, 1, 1, 6, 1, 0);
INSERT INTO reading_question (id, passage_id, part_group_id, question_number, question_type, answer_mode, question_text, correct_answer, options_json, accepted_answers_json, group_label, case_insensitive, ignore_whitespace, ignore_punctuation, display_order, score, is_deleted) VALUES (251203007, 25120301, 2512302, 7, 'MIXED', 'TEXT', 'Question 7', 'weight loss', NULL, '["weight loss"]', 'Imported 2025_12_26', 1, 1, 1, 7, 1, 0);
INSERT INTO reading_question (id, passage_id, part_group_id, question_number, question_type, answer_mode, question_text, correct_answer, options_json, accepted_answers_json, group_label, case_insensitive, ignore_whitespace, ignore_punctuation, display_order, score, is_deleted) VALUES (251203008, 25120301, 2512302, 8, 'MIXED', 'TEXT', 'Question 8', 'name', NULL, '["name"]', 'Imported 2025_12_26', 1, 1, 1, 8, 1, 0);
INSERT INTO reading_question (id, passage_id, part_group_id, question_number, question_type, answer_mode, question_text, correct_answer, options_json, accepted_answers_json, group_label, case_insensitive, ignore_whitespace, ignore_punctuation, display_order, score, is_deleted) VALUES (251203009, 25120301, 2512302, 9, 'MIXED', 'TEXT', 'Question 9', 'container', NULL, '["container"]', 'Imported 2025_12_26', 1, 1, 1, 9, 1, 0);
INSERT INTO reading_question (id, passage_id, part_group_id, question_number, question_type, answer_mode, question_text, correct_answer, options_json, accepted_answers_json, group_label, case_insensitive, ignore_whitespace, ignore_punctuation, display_order, score, is_deleted) VALUES (251203010, 25120301, 2512302, 10, 'MIXED', 'TEXT', 'Question 10', 'behaviour', NULL, '["behaviour"]', 'Imported 2025_12_26', 1, 1, 1, 10, 1, 0);
INSERT INTO reading_question (id, passage_id, part_group_id, question_number, question_type, answer_mode, question_text, correct_answer, options_json, accepted_answers_json, group_label, case_insensitive, ignore_whitespace, ignore_punctuation, display_order, score, is_deleted) VALUES (251203011, 25120301, 2512302, 11, 'MIXED', 'TEXT', 'Question 11', 'focus groups', NULL, '["focus groups"]', 'Imported 2025_12_26', 1, 1, 1, 11, 1, 0);
INSERT INTO reading_question (id, passage_id, part_group_id, question_number, question_type, answer_mode, question_text, correct_answer, options_json, accepted_answers_json, group_label, case_insensitive, ignore_whitespace, ignore_punctuation, display_order, score, is_deleted) VALUES (251203012, 25120301, 2512302, 12, 'MIXED', 'TEXT', 'Question 12', 'simple surveys', NULL, '["simple surveys"]', 'Imported 2025_12_26', 1, 1, 1, 12, 1, 0);
INSERT INTO reading_question (id, passage_id, part_group_id, question_number, question_type, answer_mode, question_text, correct_answer, options_json, accepted_answers_json, group_label, case_insensitive, ignore_whitespace, ignore_punctuation, display_order, score, is_deleted) VALUES (251203013, 25120301, 2512302, 13, 'MIXED', 'TEXT', 'Question 13', 'instincts', NULL, '["instincts"]', 'Imported 2025_12_26', 1, 1, 1, 13, 1, 0);
INSERT INTO reading_question (id, passage_id, part_group_id, question_number, question_type, answer_mode, question_text, correct_answer, options_json, accepted_answers_json, group_label, case_insensitive, ignore_whitespace, ignore_punctuation, display_order, score, is_deleted) VALUES (251203014, 25120302, 2512303, 14, 'MIXED', 'SINGLE', 'Paragraph A  _________ Example: Paragraph B — iv', 'ix', '["A","B","C","D","E","F","G","H","I","J","TRUE","FALSE","NOT GIVEN","YES","NO","i","ii","iii","iv","v","vi","vii","viii","ix"]', '["ix"]', 'Imported 2025_12_26', 1, 1, 1, 14, 1, 0);
INSERT INTO reading_question (id, passage_id, part_group_id, question_number, question_type, answer_mode, question_text, correct_answer, options_json, accepted_answers_json, group_label, case_insensitive, ignore_whitespace, ignore_punctuation, display_order, score, is_deleted) VALUES (251203015, 25120302, 2512303, 15, 'MIXED', 'SINGLE', 'Paragraph C  _________', 'iii', '["A","B","C","D","E","F","G","H","I","J","TRUE","FALSE","NOT GIVEN","YES","NO","i","ii","iii","iv","v","vi","vii","viii","ix"]', '["iii"]', 'Imported 2025_12_26', 1, 1, 1, 15, 1, 0);
INSERT INTO reading_question (id, passage_id, part_group_id, question_number, question_type, answer_mode, question_text, correct_answer, options_json, accepted_answers_json, group_label, case_insensitive, ignore_whitespace, ignore_punctuation, display_order, score, is_deleted) VALUES (251203016, 25120302, 2512303, 16, 'MIXED', 'SINGLE', 'Paragraph D  _________', 'ii', '["A","B","C","D","E","F","G","H","I","J","TRUE","FALSE","NOT GIVEN","YES","NO","i","ii","iii","iv","v","vi","vii","viii","ix"]', '["ii"]', 'Imported 2025_12_26', 1, 1, 1, 16, 1, 0);
INSERT INTO reading_question (id, passage_id, part_group_id, question_number, question_type, answer_mode, question_text, correct_answer, options_json, accepted_answers_json, group_label, case_insensitive, ignore_whitespace, ignore_punctuation, display_order, score, is_deleted) VALUES (251203017, 25120302, 2512303, 17, 'MIXED', 'SINGLE', 'Paragraph E  _________ Example: Paragraph F — v', 'vii', '["A","B","C","D","E","F","G","H","I","J","TRUE","FALSE","NOT GIVEN","YES","NO","i","ii","iii","iv","v","vi","vii","viii","ix"]', '["vii"]', 'Imported 2025_12_26', 1, 1, 1, 17, 1, 0);
INSERT INTO reading_question (id, passage_id, part_group_id, question_number, question_type, answer_mode, question_text, correct_answer, options_json, accepted_answers_json, group_label, case_insensitive, ignore_whitespace, ignore_punctuation, display_order, score, is_deleted) VALUES (251203018, 25120302, 2512303, 18, 'MIXED', 'SINGLE', 'Paragraph G _________ people''s response times in naming an odour, either when presented with an image that was associated with the odour or one that was not. So, they asked them to sniff vanilla and simultaneously showed them either a picture of ice cream or of cheese, while scanning their brains in a fMRI machine. People named the smells faster when the picture showed something semantically related to them, and when that happened, a structure called the hippocampus was strongly activated. The researchers'' interpretation was that the hippocampus plays a role in integrating information from the senses - information that the brain then uses to decide what it is perceiving. Look at the following findings (Questions 19-24) and the list of researchers Match each finding with the correct researcher, A-D. NB You may use any letter more than once. Choose the correct letter, A, B, C or D. List of Researchers', 'vi', '["A","B","C","D","E","F","G","H","I","J","TRUE","FALSE","NOT GIVEN","YES","NO","i","ii","iii","iv","v","vi","vii","viii","ix"]', '["vi"]', 'Imported 2025_12_26', 1, 1, 1, 18, 1, 0);
INSERT INTO reading_question (id, passage_id, part_group_id, question_number, question_type, answer_mode, question_text, correct_answer, options_json, accepted_answers_json, group_label, case_insensitive, ignore_whitespace, ignore_punctuation, display_order, score, is_deleted) VALUES (251203019, 25120302, 2512304, 19, 'MIXED', 'SINGLE', '_______ Smell can trigger images of horrible events.', 'B', '["A","B","C","D","E","F","G","H","I","J","TRUE","FALSE","NOT GIVEN","YES","NO","i","ii","iii","iv","v","vi","vii","viii","ix"]', '["B"]', 'Imported 2025_12_26', 1, 1, 1, 19, 1, 0);
INSERT INTO reading_question (id, passage_id, part_group_id, question_number, question_type, answer_mode, question_text, correct_answer, options_json, accepted_answers_json, group_label, case_insensitive, ignore_whitespace, ignore_punctuation, display_order, score, is_deleted) VALUES (251203020, 25120302, 2512304, 20, 'MIXED', 'SINGLE', '_______ Memory cannot get sharper by smell.', 'A', '["A","B","C","D","E","F","G","H","I","J","TRUE","FALSE","NOT GIVEN","YES","NO","i","ii","iii","iv","v","vi","vii","viii","ix"]', '["A"]', 'Imported 2025_12_26', 1, 1, 1, 20, 1, 0);
INSERT INTO reading_question (id, passage_id, part_group_id, question_number, question_type, answer_mode, question_text, correct_answer, options_json, accepted_answers_json, group_label, case_insensitive, ignore_whitespace, ignore_punctuation, display_order, score, is_deleted) VALUES (251203021, 25120302, 2512304, 21, 'MIXED', 'SINGLE', '_______ When people are given an odour and a picture of something to learn, they will respond more quickly in naming the smell because the stimulus is stronger when two or more senses are involved.', 'D', '["A","B","C","D","E","F","G","H","I","J","TRUE","FALSE","NOT GIVEN","YES","NO","i","ii","iii","iv","v","vi","vii","viii","ix"]', '["D"]', 'Imported 2025_12_26', 1, 1, 1, 21, 1, 0);
INSERT INTO reading_question (id, passage_id, part_group_id, question_number, question_type, answer_mode, question_text, correct_answer, options_json, accepted_answers_json, group_label, case_insensitive, ignore_whitespace, ignore_punctuation, display_order, score, is_deleted) VALUES (251203022, 25120302, 2512304, 22, 'MIXED', 'SINGLE', '_______ Pleasant smells counteract unpleasant recollections.', 'B', '["A","B","C","D","E","F","G","H","I","J","TRUE","FALSE","NOT GIVEN","YES","NO","i","ii","iii","iv","v","vi","vii","viii","ix"]', '["B"]', 'Imported 2025_12_26', 1, 1, 1, 22, 1, 0);
INSERT INTO reading_question (id, passage_id, part_group_id, question_number, question_type, answer_mode, question_text, correct_answer, options_json, accepted_answers_json, group_label, case_insensitive, ignore_whitespace, ignore_punctuation, display_order, score, is_deleted) VALUES (251203023, 25120302, 2512304, 23, 'MIXED', 'SINGLE', '_______ It is impossible to isolate smell from visual cues.', 'C', '["A","B","C","D","E","F","G","H","I","J","TRUE","FALSE","NOT GIVEN","YES","NO","i","ii","iii","iv","v","vi","vii","viii","ix"]', '["C"]', 'Imported 2025_12_26', 1, 1, 1, 23, 1, 0);
INSERT INTO reading_question (id, passage_id, part_group_id, question_number, question_type, answer_mode, question_text, correct_answer, options_json, accepted_answers_json, group_label, case_insensitive, ignore_whitespace, ignore_punctuation, display_order, score, is_deleted) VALUES (251203024, 25120302, 2512304, 24, 'MIXED', 'SINGLE', '_______ The part of brain that governs emotion is more stimulated by smell than an image. READING PASSAGE 3 You should spend about 20 minutes on Questions 27-40, which are based on Reading Passage 3 below. Translating: a key to international understanding? The term ‘translation’ is used for all cases where the meaning of expressions in one language (the ‘source’ language) is turned into the meaning in another (the target language), whether the medium is spoken, written, or signed. In specific professional contexts, however, a distinction is drawn between work with the spoken or signed language (interpreting), and work with the written language (translating), although', 'A', '["A","B","C","D","E","F","G","H","I","J","TRUE","FALSE","NOT GIVEN","YES","NO","i","ii","iii","iv","v","vi","vii","viii","ix"]', '["A"]', 'Imported 2025_12_26', 1, 1, 1, 24, 1, 0);
INSERT INTO reading_question (id, passage_id, part_group_id, question_number, question_type, answer_mode, question_text, correct_answer, options_json, accepted_answers_json, group_label, case_insensitive, ignore_whitespace, ignore_punctuation, display_order, score, is_deleted) VALUES (251203025, 25120302, 2512305, 25, 'MIXED', 'SINGLE', 'In the article, what is the opinion about the conventional method of aromatherapy?', 'C', '["A","B","C","D","E","F","G","H","I","J","TRUE","FALSE","NOT GIVEN","YES","NO","i","ii","iii","iv","v","vi","vii","viii","ix"]', '["C"]', 'Imported 2025_12_26', 1, 1, 1, 25, 1, 0);
INSERT INTO reading_question (id, passage_id, part_group_id, question_number, question_type, answer_mode, question_text, correct_answer, options_json, accepted_answers_json, group_label, case_insensitive, ignore_whitespace, ignore_punctuation, display_order, score, is_deleted) VALUES (251203026, 25120302, 2512305, 26, 'MIXED', 'SINGLE', 'What is Rachel Hertz''s conclusion? as the part controlling olfaction. or written words. certain tasks blur this distinction. It is sometimes said that there is no task more complex than translation – a claim that can be readily believed when all the variables involved are taken into account. Translators not only need to know their source language well; they must also have a thorough understanding of the field of knowledge covered by the source text, and of any social, cultural, or emotional connotations that need to be specified in the target language if the intended effect is to be conveyed. The same special awareness needs to be present for the target language, so that points of special phrasing, contemporary fashions in expression, local expectations, and so on, can all be taken into account. On the whole, translators work into their mother tongue (or language of habitual use), to ensure a result that sounds as natural as possible – though some translators have argued that, for certain types of text (e.g., scientific material) where translation accuracy is more crucial than naturalness, it makes more sense for the translators to be more fluent in the source language. The aim of translation is to provide semantic equivalence between source and target languages. This is what makes translation different from other linguistic activities, such as adapting, précis writing, and abstracting. However, there are many problems hidden within this apparently simple statement, all to do with what standards of ‘equivalence’ should be expected and accepted. Exact equivalence is of course impossible: no translator could provide a translation that was a perfect parallel to the source text, in such respects as rhythm, puns and cultural allusions. Such a parallel is not even possible when paraphrasing within a single language: there is always some loss of information. On the other hand, there are many kinds of inexact equivalence, any of which can be successful at a certain level of practical functioning. It therefore follows that there is no such thing as a ‘best’ translation. The success of translation depends on the purpose for which it was made, which in turn reflects the needs of the people for whom it was made. A rough-and-ready translation of a letter can suffice to inform a firm of the nature of an enquiry. A translation of a scientific article requires careful attention to meaning, but little attention to stylistic features. The provision of a dubbed film script will warrant scrupulous care over the synchronisation of lip movements, often at the expense of content. Literary work requires a sensitive consideration of form as well as content, and may prompt several translations, each of which emphasises a different aspect of the original. It is easy to see that what might be ‘best’ for one set of circumstances may be entirely unsuitable for another. Several different kinds of translation have been proposed to allow for this range of possibilities. A pragmatic translation emphasises accuracy and knowledge of the subject, as required for instruction manuals and much scientific research. In an aesthetic translation, important for literary material, the focus is on preserving the emotional as well as the cognitive content of the work, and on maintaining some level of stylistic equivalence. Ethnographic or sociolinguistic translations aim to pay full attention to the cultural backgrounds of the authors and the recipients, and take into account differences between source and target languages, and the ways of life in which they are embedded. And there are various kinds of linguistic translation, where the aim is to convey the structural flavour of the original text, often in quite a literal manner, emphasising such features as archaisms, dialectisms, and levels of formality. Most translations, of course, are mixtures of these theoretical types, reflecting the complex reality of language in use. At another level, in a word-for-word translation each word in the source language is translated by a word in the target language. The result often makes no sense, especially when idiomatic constructions are used. In a literal translation, the linguistic structure of the source text is followed, but is normalised according to the rules of the target language. In a free translation, the linguistic structure of the source language is ignored, and an equivalent is found based on the meaning it conveys. Translators aim to produce a text that is as faithful to the original as circumstances require or permit, and yet that reads as if it were written originally in the target language. They aim to be ‘invisible people’ – transferring content without drawing attention to the considerable artistic and technical skills involved in the process. The complexity of the task is apparent, but its importance is often underestimated, and its practitioners’ social status and legal rights undervalued. Some countries view translation as a menial, clerical task, and pay their translators accordingly, while others regard it as a major intellectual discipline in its own right. The question of status is currently much debated, particularly in Europe, where demand for translators is rocketing, especially in relation to the European Union. Reading Passage 3 has eight paragraphs, A-H. Which paragraph contains the following information? Choose the correct letter, A, B, C or D.', 'B', '["A","B","C","D","E","F","G","H","I","J","TRUE","FALSE","NOT GIVEN","YES","NO","i","ii","iii","iv","v","vi","vii","viii","ix"]', '["B"]', 'Imported 2025_12_26', 1, 1, 1, 26, 1, 0);
INSERT INTO reading_question (id, passage_id, part_group_id, question_number, question_type, answer_mode, question_text, correct_answer, options_json, accepted_answers_json, group_label, case_insensitive, ignore_whitespace, ignore_punctuation, display_order, score, is_deleted) VALUES (251203027, 25120303, 2512306, 27, 'MIXED', 'SINGLE', 'When playing chess against the computer Deep Blue, Kasparov felt that it', 'E', '["A","B","C","D","E","F","G","H","I","J","TRUE","FALSE","NOT GIVEN","YES","NO","i","ii","iii","iv","v","vi","vii","viii","ix"]', '["E"]', 'Imported 2025_12_26', 1, 1, 1, 27, 1, 0);
INSERT INTO reading_question (id, passage_id, part_group_id, question_number, question_type, answer_mode, question_text, correct_answer, options_json, accepted_answers_json, group_label, case_insensitive, ignore_whitespace, ignore_punctuation, display_order, score, is_deleted) VALUES (251203028, 25120303, 2512306, 28, 'MIXED', 'SINGLE', 'What is the writer''s main idea in the third paragraph? 27  _______  the effect that a client’s requirements have on the nature of a translation 28  _______  contrasting attitudes towards translators 29  _______  a list of the areas of knowledge studied by translators Complete the summary below. Choose NO MORE THAN TWO WORDS from paragraphs C, D and E for each answer. Look at the following features of translating (Questions 34-37) and the types of translation below. Match each feature with the correct type of translation, A-F . A aesthetic B ethnographic C free D literal E pragmatic F word-for-word The goal of translation Translation is an attempt to create a text in the target language which displays 30 _________ with a source text. It is inevitable that not all information can be conveyed, however, so translations are best judged according to their 31 _________; for example, the translator of a business letter or scientific text does not need to consider its 32 _________ aspects, while someone dubbing a film may give a relatively low value to 33 _________. 34  _______   focuses on reproducing the content accurately 35  _______   looks at important cultural aspects of language use 36  _______   follows the original grammatical structures as required by the target language 37  _______   focuses on meaning without necessarily using the original grammatical structures Types of Translation Choose THREE letters, A-F . Which THREE of the following points are mentioned by the writer of the passage?', 'H', '["A","B","C","D","E","F","G","H","I","J","TRUE","FALSE","NOT GIVEN","YES","NO","i","ii","iii","iv","v","vi","vii","viii","ix"]', '["H"]', 'Imported 2025_12_26', 1, 1, 1, 28, 1, 0);
INSERT INTO reading_question (id, passage_id, part_group_id, question_number, question_type, answer_mode, question_text, correct_answer, options_json, accepted_answers_json, group_label, case_insensitive, ignore_whitespace, ignore_punctuation, display_order, score, is_deleted) VALUES (251203029, 25120303, 2512306, 29, 'MIXED', 'SINGLE', 'Question 29', 'B', '["A","B","C","D","E","F","G","H","I","J","TRUE","FALSE","NOT GIVEN","YES","NO","i","ii","iii","iv","v","vi","vii","viii","ix"]', '["B"]', 'Imported 2025_12_26', 1, 1, 1, 29, 1, 0);
INSERT INTO reading_question (id, passage_id, part_group_id, question_number, question_type, answer_mode, question_text, correct_answer, options_json, accepted_answers_json, group_label, case_insensitive, ignore_whitespace, ignore_punctuation, display_order, score, is_deleted) VALUES (251203030, 25120303, 2512307, 30, 'MIXED', 'TEXT', 'Question 30', 'semantic equivalence', NULL, '["semantic equivalence"]', 'Imported 2025_12_26', 1, 1, 1, 30, 1, 0);
INSERT INTO reading_question (id, passage_id, part_group_id, question_number, question_type, answer_mode, question_text, correct_answer, options_json, accepted_answers_json, group_label, case_insensitive, ignore_whitespace, ignore_punctuation, display_order, score, is_deleted) VALUES (251203031, 25120303, 2512307, 31, 'MIXED', 'TEXT', 'Question 31', 'purpose', NULL, '["purpose"]', 'Imported 2025_12_26', 1, 1, 1, 31, 1, 0);
INSERT INTO reading_question (id, passage_id, part_group_id, question_number, question_type, answer_mode, question_text, correct_answer, options_json, accepted_answers_json, group_label, case_insensitive, ignore_whitespace, ignore_punctuation, display_order, score, is_deleted) VALUES (251203032, 25120303, 2512307, 32, 'MIXED', 'TEXT', 'Question 32', 'stylistic', NULL, '["stylistic"]', 'Imported 2025_12_26', 1, 1, 1, 32, 1, 0);
INSERT INTO reading_question (id, passage_id, part_group_id, question_number, question_type, answer_mode, question_text, correct_answer, options_json, accepted_answers_json, group_label, case_insensitive, ignore_whitespace, ignore_punctuation, display_order, score, is_deleted) VALUES (251203033, 25120303, 2512307, 33, 'MIXED', 'TEXT', 'Question 33', 'content', NULL, '["content"]', 'Imported 2025_12_26', 1, 1, 1, 33, 1, 0);
INSERT INTO reading_question (id, passage_id, part_group_id, question_number, question_type, answer_mode, question_text, correct_answer, options_json, accepted_answers_json, group_label, case_insensitive, ignore_whitespace, ignore_punctuation, display_order, score, is_deleted) VALUES (251203034, 25120303, 2512308, 34, 'MIXED', 'SINGLE', 'Question 34', 'E', '["A","B","C","D","E","F","G","H","I","J","TRUE","FALSE","NOT GIVEN","YES","NO","i","ii","iii","iv","v","vi","vii","viii","ix"]', '["E"]', 'Imported 2025_12_26', 1, 1, 1, 34, 1, 0);
INSERT INTO reading_question (id, passage_id, part_group_id, question_number, question_type, answer_mode, question_text, correct_answer, options_json, accepted_answers_json, group_label, case_insensitive, ignore_whitespace, ignore_punctuation, display_order, score, is_deleted) VALUES (251203035, 25120303, 2512308, 35, 'MIXED', 'SINGLE', 'Question 35', 'B', '["A","B","C","D","E","F","G","H","I","J","TRUE","FALSE","NOT GIVEN","YES","NO","i","ii","iii","iv","v","vi","vii","viii","ix"]', '["B"]', 'Imported 2025_12_26', 1, 1, 1, 35, 1, 0);
INSERT INTO reading_question (id, passage_id, part_group_id, question_number, question_type, answer_mode, question_text, correct_answer, options_json, accepted_answers_json, group_label, case_insensitive, ignore_whitespace, ignore_punctuation, display_order, score, is_deleted) VALUES (251203036, 25120303, 2512308, 36, 'MIXED', 'SINGLE', 'Question 36', 'D', '["A","B","C","D","E","F","G","H","I","J","TRUE","FALSE","NOT GIVEN","YES","NO","i","ii","iii","iv","v","vi","vii","viii","ix"]', '["D"]', 'Imported 2025_12_26', 1, 1, 1, 36, 1, 0);
INSERT INTO reading_question (id, passage_id, part_group_id, question_number, question_type, answer_mode, question_text, correct_answer, options_json, accepted_answers_json, group_label, case_insensitive, ignore_whitespace, ignore_punctuation, display_order, score, is_deleted) VALUES (251203037, 25120303, 2512308, 37, 'MIXED', 'SINGLE', 'Question 37', 'C', '["A","B","C","D","E","F","G","H","I","J","TRUE","FALSE","NOT GIVEN","YES","NO","i","ii","iii","iv","v","vi","vii","viii","ix"]', '["C"]', 'Imported 2025_12_26', 1, 1, 1, 37, 1, 0);
INSERT INTO reading_question (id, passage_id, part_group_id, question_number, question_type, answer_mode, question_text, correct_answer, options_json, accepted_answers_json, group_label, case_insensitive, ignore_whitespace, ignore_punctuation, display_order, score, is_deleted) VALUES (251203038, 25120303, 2512309, 38, 'MIXED', 'SINGLE', 'Question 38', 'B', '["A","B","C","D","E","F","G","H","I","J","TRUE","FALSE","NOT GIVEN","YES","NO","i","ii","iii","iv","v","vi","vii","viii","ix"]', '["B"]', 'Imported 2025_12_26', 1, 1, 1, 38, 1, 0);
INSERT INTO reading_question (id, passage_id, part_group_id, question_number, question_type, answer_mode, question_text, correct_answer, options_json, accepted_answers_json, group_label, case_insensitive, ignore_whitespace, ignore_punctuation, display_order, score, is_deleted) VALUES (251203039, 25120303, 2512309, 39, 'MIXED', 'SINGLE', 'Question 39', 'D', '["A","B","C","D","E","F","G","H","I","J","TRUE","FALSE","NOT GIVEN","YES","NO","i","ii","iii","iv","v","vi","vii","viii","ix"]', '["D"]', 'Imported 2025_12_26', 1, 1, 1, 39, 1, 0);
INSERT INTO reading_question (id, passage_id, part_group_id, question_number, question_type, answer_mode, question_text, correct_answer, options_json, accepted_answers_json, group_label, case_insensitive, ignore_whitespace, ignore_punctuation, display_order, score, is_deleted) VALUES (251203040, 25120303, 2512309, 40, 'MIXED', 'SINGLE', 'Question 40', 'F', '["A","B","C","D","E","F","G","H","I","J","TRUE","FALSE","NOT GIVEN","YES","NO","i","ii","iii","iv","v","vi","vii","viii","ix"]', '["F"]', 'Imported 2025_12_26', 1, 1, 1, 40, 1, 0);
SET FOREIGN_KEY_CHECKS = 1;
INSERT INTO reading_question_answer_rule (question_id, blank_no, answer_group_no, answer_text, normalized_answer, is_primary, display_order) SELECT id, 1, 1, correct_answer, LOWER(correct_answer), 1, display_order FROM reading_question WHERE id BETWEEN 251201001 AND 251201040 AND answer_mode = 'TEXT';
INSERT INTO reading_question_answer_rule (question_id, blank_no, answer_group_no, answer_text, normalized_answer, is_primary, display_order) SELECT id, 1, 1, correct_answer, LOWER(correct_answer), 1, display_order FROM reading_question WHERE id BETWEEN 251202001 AND 251202040 AND answer_mode = 'TEXT';
INSERT INTO reading_question_answer_rule (question_id, blank_no, answer_group_no, answer_text, normalized_answer, is_primary, display_order) SELECT id, 1, 1, correct_answer, LOWER(correct_answer), 1, display_order FROM reading_question WHERE id BETWEEN 251203001 AND 251203040 AND answer_mode = 'TEXT';
COMMIT;